timestamp,value,anomaly_score,raw_score,label,S(t)_reward_low_FP_rate,S(t)_reward_low_FN_rate,S(t)_standard
2011-07-01 01:00:01,0.392718881005,0.0301029996659,1.0,0,-0.22,-0.11,-0.11
2011-07-01 03:00:01,0.212938552018,0.0301029996659,1.0,0,-0.22,-0.11,-0.11
2011-07-01 05:00:01,0.255867457952,0.0301029996659,1.0,0,-0.22,-0.11,-0.11
2011-07-01 07:00:01,0.29600203814,0.0301029996659,1.0,0,-0.22,-0.11,-0.11
2011-07-01 09:00:01,0.790249514633,1.0,1.0,0,-0.22,-0.11,-0.11
2011-07-01 11:00:01,0.736919786741,0.0301029996659,1.0,0,-0.22,-0.11,-0.11
2011-07-01 13:00:01,0.687341841286,0.0301029996659,1.0,0,-0.22,-0.11,-0.11
2011-07-01 15:00:01,0.519026716424,0.0301029996659,1.0,0,-0.22,-0.11,-0.11
2011-07-01 17:00:01,0.417275625868,0.0301029996659,1.0,0,-0.22,-0.11,-0.11
2011-07-01 19:00:01,0.309360489543,0.0301029996659,1.0,0,-0.22,-0.11,-0.11
2011-07-01 21:00:01,0.264461005442,0.0301029996659,1.0,0,-0.22,-0.11,-0.11
2011-07-01 23:00:01,0.261552512902,0.0301029996659,1.0,0,-0.22,-0.11,-0.11
2011-07-02 01:00:01,0.251320671322,0.0301029996659,1.0,0,-0.22,-0.11,-0.11
2011-07-02 03:00:01,0.166280263697,1.0,1.0,0,-0.22,-0.11,-0.11
2011-07-02 05:00:01,0.303217093576,0.0301029996659,1.0,0,-0.22,-0.11,-0.11
2011-07-02 07:00:01,0.396715687694,0.0301029996659,1.0,0,-0.22,-0.11,-0.11
2011-07-02 09:00:01,0.59337773192,0.0301029996659,1.0,0,-0.22,-0.11,-0.11
2011-07-02 11:00:01,0.787525214093,0.0301029996659,1.0,0,-0.22,-0.11,-0.11
2011-07-02 13:00:01,0.682062044372,0.0301029996659,1.0,0,-0.22,-0.11,-0.11
2011-07-02 15:00:01,0.529339407129,0.0301029996659,1.0,0,-0.22,-0.11,-0.11
2011-07-02 17:00:01,0.346285484196,0.0301029996659,1.0,0,-0.22,-0.11,-0.11
2011-07-02 19:00:01,0.273633723983,0.0301029996659,1.0,0,-0.22,-0.11,-0.11
2011-07-02 21:00:01,0.289148226997,0.0301029996659,1.0,0,-0.22,-0.11,-0.11
2011-07-02 23:00:01,0.260040957735,0.0301029996659,1.0,0,-0.22,-0.11,-0.11
2011-07-03 01:00:01,0.207419676118,0.0301029996659,1.0,0,-0.22,-0.11,-0.11
2011-07-03 03:00:01,0.132202637198,1.0,1.0,0,-0.22,-0.11,-0.11
2011-07-03 05:00:01,0.279315632688,0.0301029996659,1.0,0,-0.22,-0.11,-0.11
2011-07-03 07:00:01,0.347788950248,0.0301029996659,1.0,0,-0.22,-0.11,-0.11
2011-07-03 09:00:01,0.628506062686,0.0301029996659,1.0,0,-0.22,-0.11,-0.11
2011-07-03 11:00:01,0.595576831487,0.0301029996659,1.0,0,-0.22,-0.11,-0.11
2011-07-03 13:00:01,0.636428503882,0.0301029996659,1.0,0,-0.22,-0.11,-0.11
2011-07-03 15:00:01,0.439826406276,0.0301029996659,1.0,0,-0.22,-0.11,-0.11
2011-07-03 17:00:01,0.304671828772,0.0301029996659,1.0,0,-0.22,-0.11,-0.11
2011-07-03 19:00:01,0.24291524883,0.0301029996659,1.0,0,-0.22,-0.11,-0.11
2011-07-03 21:00:01,0.208214406325,0.0301029996659,1.0,0,-0.22,-0.11,-0.11
2011-07-03 23:00:01,0.231243016929,0.0301029996659,1.0,0,-0.22,-0.11,-0.11
2011-07-04 01:00:01,0.192673380292,0.0301029996659,1.0,0,-0.22,-0.11,-0.11
2011-07-04 03:00:01,0.14227206431,0.0301029996659,1.0,0,-0.22,-0.11,-0.11
2011-07-04 05:00:01,0.167021065133,0.0301029996659,1.0,0,-0.22,-0.11,-0.11
2011-07-04 07:00:01,0.280531152468,0.0301029996659,1.0,0,-0.22,-0.11,-0.11
2011-07-04 09:00:01,0.544187140505,0.0301029996659,1.0,0,-0.22,-0.11,-0.11
2011-07-04 11:00:01,0.534922211188,0.0301029996659,1.0,0,-0.22,-0.11,-0.11
2011-07-04 13:00:01,0.519403479245,0.0301029996659,1.0,0,-0.22,-0.11,-0.11
2011-07-04 15:00:01,0.426077466417,0.0301029996659,1.0,0,-0.22,-0.11,-0.11
2011-07-04 17:00:01,0.350118888796,0.0301029996659,1.0,0,-0.22,-0.11,-0.11
2011-07-04 19:00:01,0.240777566013,0.0301029996659,1.0,0,-0.22,-0.11,-0.11
2011-07-04 21:00:01,0.216081451577,0.0301029996659,1.0,0,-0.22,-0.11,-0.11
2011-07-04 23:00:01,0.251700203323,0.0301029996659,1.0,0,-0.22,-0.11,-0.11
2011-07-05 01:00:01,0.162717684817,0.0301029996659,1.0,0,-0.22,-0.11,-0.11
2011-07-05 03:00:01,0.12846822497,0.0301029996659,1.0,0,-0.22,-0.11,-0.11
2011-07-05 05:00:01,0.175684372523,0.0301029996659,1.0,0,-0.22,-0.11,-0.11
2011-07-05 07:00:01,0.277728770304,0.0301029996659,1.0,0,-0.22,-0.11,-0.11
2011-07-05 09:00:01,0.478228308548,0.0301029996659,1.0,0,-0.22,-0.11,-0.11
2011-07-05 11:00:01,0.667490729295,0.0301029996659,1.0,0,-0.22,-0.11,-0.11
2011-07-05 13:00:01,0.588245394138,0.0301029996659,1.0,0,-0.22,-0.11,-0.11
2011-07-05 15:00:01,0.395360148449,0.0301029996659,1.0,0,-0.22,-0.11,-0.11
2011-07-05 17:00:01,0.32167455849,0.0301029996659,1.0,0,-0.22,-0.11,-0.11
2011-07-05 19:00:01,0.238122873903,0.0301029996659,1.0,0,-0.22,-0.11,-0.11
2011-07-05 21:00:01,0.212734989045,0.0301029996659,0.975,0,-0.22,-0.11,-0.11
2011-07-05 23:00:01,0.242111992062,0.0301029996659,0.975,0,-0.22,-0.11,-0.11
2011-07-06 01:00:01,0.197461002199,0.0301029996659,0.925,0,-0.22,-0.11,-0.11
2011-07-06 03:00:01,0.113719800728,0.0301029996659,0.95,0,-0.22,-0.11,-0.11
2011-07-06 05:00:01,0.202746124147,0.0301029996659,0.95,0,-0.22,-0.11,-0.11
2011-07-06 07:00:01,0.282354321784,0.0301029996659,0.9,0,-0.22,-0.11,-0.11
2011-07-06 09:00:01,0.645141390712,0.0301029996659,1.0,0,-0.22,-0.11,-0.11
2011-07-06 11:00:01,0.575165121144,0.0301029996659,1.0,0,-0.22,-0.11,-0.11
2011-07-06 13:00:01,0.515025329115,0.0301029996659,1.0,0,-0.22,-0.11,-0.11
2011-07-06 15:00:01,0.446764580432,0.0301029996659,1.0,0,-0.22,-0.11,-0.11
2011-07-06 17:00:01,0.354822719712,0.0301029996659,1.0,0,-0.22,-0.11,-0.11
2011-07-06 19:00:01,0.243605335426,0.0301029996659,1.0,0,-0.22,-0.11,-0.11
2011-07-06 21:00:01,0.295679762953,0.0301029996659,0.85,0,-0.22,-0.11,-0.11
2011-07-06 23:00:01,0.225798427437,0.0301029996659,0.9,0,-0.22,-0.11,-0.11
2011-07-07 01:00:01,0.163630094284,0.0301029996659,0.825,0,-0.22,-0.11,-0.11
2011-07-07 03:00:01,0.112138881944,0.0301029996659,0.85,0,-0.22,-0.11,-0.11
2011-07-07 05:00:01,0.174191714264,0.0301029996659,0.8,0,-0.22,-0.11,-0.11
2011-07-07 07:00:01,0.248622655329,0.0301029996659,0.925,0,-0.22,-0.11,-0.11
2011-07-07 09:00:01,0.533661344524,0.0301029996659,1.0,0,-0.22,-0.11,-0.11
2011-07-07 11:00:01,0.440232756428,0.0301029996659,1.0,0,-0.22,-0.11,-0.11
2011-07-07 13:00:01,0.434325310895,0.0301029996659,1.0,0,-0.22,-0.11,-0.11
2011-07-07 15:00:01,0.381217461856,0.0301029996659,1.0,0,-0.22,-0.11,-0.11
2011-07-07 17:00:01,0.250851707414,0.0301029996659,1.0,0,-0.22,-0.11,-0.11
2011-07-07 19:00:01,0.151708247831,0.0301029996659,0.875,0,-0.22,-0.11,-0.11
2011-07-07 21:00:01,0.172451902159,0.0301029996659,0.875,0,-0.22,-0.11,-0.11
2011-07-07 23:00:01,0.15733239773,0.0301029996659,0.85,0,-0.22,-0.11,-0.11
2011-07-08 01:00:01,0.146745639797,0.0301029996659,0.825,0,-0.22,-0.11,-0.11
2011-07-08 03:00:01,0.102638951514,0.0301029996659,0.6,0,-0.22,-0.11,-0.11
2011-07-08 05:00:01,0.144226388965,0.0301029996659,0.875,0,-0.22,-0.11,-0.11
2011-07-08 07:00:01,0.312025914701,0.0301029996659,0.775,0,-0.22,-0.11,-0.11
2011-07-08 09:00:01,0.434005616543,0.0301029996659,1.0,0,-0.22,-0.11,-0.11
2011-07-08 11:00:01,0.456944556533,0.0301029996659,0.95,0,-0.22,-0.11,-0.11
2011-07-08 13:00:01,0.361783886347,0.0301029996659,0.875,0,-0.22,-0.11,-0.11
2011-07-08 15:00:01,0.323232323232,0.0301029996659,0.975,0,-0.22,-0.11,-0.11
2011-07-08 17:00:01,0.248385861855,0.0301029996659,0.925,0,-0.22,-0.11,-0.11
2011-07-08 19:00:01,0.199236511832,0.0301029996659,0.8,0,-0.22,-0.11,-0.11
2011-07-08 21:00:01,0.201566213223,0.0301029996659,0.775,0,-0.22,-0.11,-0.11
2011-07-08 23:00:01,0.180271292582,0.0301029996659,0.675,0,-0.22,-0.11,-0.11
2011-07-09 01:00:01,0.15683009122,0.0301029996659,0.525,0,-0.22,-0.11,-0.11
2011-07-09 03:00:01,0.110494486342,0.0301029996659,0.625,0,-0.22,-0.11,-0.11
2011-07-09 05:00:01,0.237131289763,0.0301029996659,0.45,0,-0.22,-0.11,-0.11
2011-07-09 07:00:01,0.298367102676,0.0301029996659,0.75,0,-0.22,-0.11,-0.11
2011-07-09 09:00:01,0.464385632928,0.0301029996659,1.0,0,-0.22,-0.11,-0.11
2011-07-09 11:00:01,0.544146269537,0.0301029996659,0.85,0,-0.22,-0.11,-0.11
2011-07-09 13:00:01,0.515494108308,0.0301029996659,0.925,0,-0.22,-0.11,-0.11
2011-07-09 15:00:01,0.399840114981,0.0301029996659,0.7,0,-0.22,-0.11,-0.11
2011-07-09 17:00:01,0.288194806737,0.0301029996659,0.95,0,-0.22,-0.11,-0.11
2011-07-09 19:00:01,0.235888689633,0.0301029996659,0.95,0,-0.22,-0.11,-0.11
2011-07-09 21:00:01,0.188934143242,0.0301029996659,0.575,0,-0.22,-0.11,-0.11
2011-07-09 23:00:01,0.22097753552,0.0301029996659,0.65,0,-0.22,-0.11,-0.11
2011-07-10 01:00:01,0.162965130084,0.0301029996659,0.45,0,-0.22,-0.11,-0.11
2011-07-10 03:00:01,0.11211438251,0.0301029996659,0.4,0,-0.22,-0.11,-0.11
2011-07-10 05:00:01,0.222133726255,0.0301029996659,0.4,0,-0.22,-0.11,-0.11
2011-07-10 07:00:01,0.260790149008,0.0301029996659,0.65,0,-0.22,-0.11,-0.11
2011-07-10 09:00:01,0.477296463143,0.0301029996659,0.925,0,-0.22,-0.11,-0.11
2011-07-10 11:00:01,0.496146481342,0.0301029996659,0.875,0,-0.22,-0.11,-0.11
2011-07-10 13:00:01,0.429185534206,0.0301029996659,0.725,0,-0.22,-0.11,-0.11
2011-07-10 15:00:01,0.376365524788,0.0301029996659,0.825,0,-0.22,-0.11,-0.11
2011-07-10 17:00:01,0.324941180324,0.0301029996659,0.8,0,-0.22,-0.11,-0.11
2011-07-10 19:00:01,0.193877335585,0.0301029996659,0.875,0,-0.22,-0.11,-0.11
2011-07-10 21:00:01,0.179647327158,0.0301029996659,0.4,0,-0.22,-0.11,-0.11
2011-07-10 23:00:01,0.15644170512,0.0301029996659,0.45,0,-0.22,-0.11,-0.11
2011-07-11 01:00:01,0.140954515364,0.0301029996659,0.375,0,-0.22,-0.11,-0.11
2011-07-11 03:00:01,0.082216125654,0.0301029996659,0.425,0,-0.22,-0.11,-0.11
2011-07-11 05:00:01,0.157180412254,0.0301029996659,0.5,0,-0.22,-0.11,-0.11
2011-07-11 07:00:01,0.256565982078,0.0301029996659,0.425,0,-0.22,-0.11,-0.11
2011-07-11 09:00:01,0.444226956124,0.0301029996659,0.75,0,-0.22,-0.11,-0.11
2011-07-11 11:00:01,0.458668492213,0.0301029996659,0.825,0,-0.22,-0.11,-0.11
2011-07-11 13:00:01,0.393451621757,0.0301029996659,0.6,0,-0.22,-0.11,-0.11
2011-07-11 15:00:01,0.2891833066,0.0301029996659,0.75,0,-0.22,-0.11,-0.11
2011-07-11 17:00:01,0.25617308183,0.0301029996659,0.825,0,-0.22,-0.11,-0.11
2011-07-11 19:00:01,0.216770052025,0.0301029996659,0.7,0,-0.22,-0.11,-0.11
2011-07-11 21:00:01,0.187934318994,0.0301029996659,0.5,0,-0.22,-0.11,-0.11
2011-07-11 23:00:01,0.187506940589,0.0301029996659,0.325,0,-0.22,-0.11,-0.11
2011-07-12 01:00:01,0.152074937809,0.0301029996659,0.3,0,-0.22,-0.11,-0.11
2011-07-12 03:00:01,0.104112579122,0.0301029996659,0.15,0,-0.22,-0.11,-0.11
2011-07-12 05:00:01,0.143275447091,0.0301029996659,0.225,0,-0.22,-0.11,-0.11
2011-07-12 07:00:01,0.172907780556,0.0301029996659,0.375,0,-0.22,-0.11,-0.11
2011-07-12 09:00:01,0.475371441118,0.0301029996659,0.7,0,-0.22,-0.11,-0.11
2011-07-12 11:00:01,0.539295638516,0.0301029996659,0.6,0,-0.22,-0.11,-0.11
2011-07-12 13:00:01,0.493639908065,0.0301029996659,0.65,0,-0.22,-0.11,-0.11
2011-07-12 15:00:01,0.367231783852,0.0301029996659,0.55,0,-0.22,-0.11,-0.11
2011-07-12 17:00:01,0.289907743167,0.0301029996659,0.825,0,-0.22,-0.11,-0.11
2011-07-12 19:00:01,0.225066896458,0.0301029996659,0.575,0,-0.22,-0.11,-0.11
2011-07-12 21:00:01,0.243742335442,0.0301029996659,0.525,0,-0.22,-0.11,-0.11
2011-07-12 23:00:01,0.220480258123,0.0301029996659,0.4,0,-0.22,-0.11,-0.11
2011-07-13 01:00:01,0.165109689891,0.0301029996659,0.25,0,-0.22,-0.11,-0.11
2011-07-13 03:00:01,0.114740658034,0.0301029996659,0.1,0,-0.22,-0.11,-0.11
2011-07-13 05:00:01,0.186317495352,0.0301029996659,0.1,0,-0.22,-0.11,-0.11
2011-07-13 07:00:01,0.373358604369,0.0301029996659,0.45,0,-0.22,-0.11,-0.11
2011-07-13 09:00:01,0.539149888143,0.0301029996659,1.0,0,-0.22,-0.11,-0.11
2011-07-13 11:00:01,0.622171145686,0.0301029996659,0.4,0,-0.22,-0.11,-0.11
2011-07-13 13:00:01,0.454296051165,0.0301029996659,0.675,0,-0.22,-0.11,-0.11
2011-07-13 15:00:01,0.40590212985,0.0301029996659,0.4,0,-0.22,-0.11,-0.11
2011-07-13 17:00:01,0.321670941047,0.0301029996659,0.85,0,-0.22,-0.11,-0.11
2011-07-13 19:00:01,0.261011165287,0.0301029996659,0.525,0,-0.22,-0.11,-0.11
2011-07-13 21:00:01,0.202422469962,0.0301029996659,0.45,0,-0.22,-0.11,-0.11
2011-07-13 23:00:01,0.258616476517,0.0301029996659,0.375,0,-0.22,-0.11,-0.11
2011-07-14 01:00:01,0.167275100891,0.0301029996659,0.4,0,-0.22,-0.11,-0.11
2011-07-14 03:00:01,0.117719206301,0.0301029996659,0.1,0,-0.22,-0.11,-0.11
2011-07-14 05:00:01,0.252898111735,0.0301029996659,0.075,0,-0.22,-0.11,-0.11
2011-07-14 07:00:01,0.368990180311,0.0301029996659,0.425,0,-0.22,-0.11,-0.11
2011-07-14 09:00:01,0.495958899818,0.0301029996659,0.975,0,-0.22,-0.11,-0.11
2011-07-14 11:00:01,0.418541266078,0.0301029996659,0.45,0,-0.22,-0.11,-0.11
2011-07-14 13:00:01,0.660831736496,0.0301029996659,0.825,0,-0.22,-0.11,-0.11
2011-07-14 15:00:01,0.426793043242,0.0301029996659,0.4,0,-0.22,-0.11,-0.11
2011-07-14 17:00:01,0.249061577522,0.0301029996659,0.675,0,-0.22,-0.11,-0.11
2011-07-14 19:00:01,0.233542090686,0.0301029996659,0.625,0,-0.22,-0.11,-0.11
2011-07-14 21:00:01,0.234240406218,0.0301029996659,0.225,0,-0.22,-0.11,-0.11
2011-07-14 23:00:01,0.224770026795,0.0301029996659,0.4,0,-0.22,-0.11,-0.11
2011-07-15 01:00:01,0.192104631629,0.0301029996659,0.225,0,-0.22,-0.11,-0.11
2011-07-15 03:00:01,0.129935763999,0.0301029996659,0.025,0,-0.22,-0.11,-0.11
2011-07-15 05:00:01,0.181410049787,0.0301029996659,0.05,0,-0.22,-0.11,-0.11
2011-07-15 07:00:01,0.288950955201,0.0301029996659,0.25,0,-0.22,-0.11,-0.11
2011-07-15 09:00:01,0.577886549723,0.0301029996659,0.825,0,-0.22,-0.11,-0.11
2011-07-15 11:00:01,0.573333333333,0.0301029996659,0.425,0,-0.22,-0.11,-0.11
2011-07-15 13:00:01,0.531054359278,0.0301029996659,0.575,0,-0.22,-0.11,-0.11
2011-07-15 15:00:01,0.449878916513,0.0301029996659,0.35,0,-0.22,-0.11,-0.11
2011-07-15 17:00:01,0.322864798895,0.0301029996659,0.525,0,-0.22,-0.11,-0.11
2011-07-15 19:00:01,0.0449098864075,1.0,0.875,0,-0.22,-0.11,-0.11
2011-07-15 21:00:01,0.307814215642,0.0301029996659,0.225,0,-0.22,-0.11,-0.11
2011-07-15 23:00:01,0.200955847706,0.0301029996659,0.3,0,-0.22,-0.11,-0.11
2011-07-16 01:00:01,0.207633787425,0.0301029996659,0.175,0,-0.22,-0.11,-0.11
2011-07-16 03:00:01,0.166145206736,0.0301029996659,0.05,0,-0.22,-0.11,-0.11
2011-07-16 05:00:01,0.41349399435,0.0301029996659,0.325,0,-0.22,-0.11,-0.11
2011-07-16 07:00:01,0.405484768787,0.0301029996659,0.75,0,-0.22,-0.11,-0.11
2011-07-16 09:00:01,0.529876582362,0.0301029996659,0.575,0,-0.22,-0.11,-0.11
2011-07-16 11:00:01,0.48150129635,0.0301029996659,0.4,0,-0.22,-0.11,-0.11
2011-07-16 13:00:01,0.594970759306,0.0301029996659,0.375,0,-0.22,-0.11,-0.11
2011-07-16 15:00:01,0.472394120161,0.0301029996659,0.475,0,-0.22,-0.11,-0.11
2011-07-16 17:00:01,0.347261857056,0.0301029996659,0.425,0,-0.22,-0.11,-0.11
2011-07-16 19:00:01,0.279554883486,0.0301029996659,0.8,0,-0.22,-0.11,-0.11
2011-07-16 21:00:01,0.234330907379,0.0301029996659,0.125,0,-0.22,-0.11,-0.11
2011-07-16 23:00:01,0.260264476655,0.0301029996659,0.3,0,-0.22,-0.11,-0.11
2011-07-17 01:00:01,0.196832352893,0.0301029996659,0.2,0,-0.22,-0.11,-0.11
2011-07-17 03:00:01,0.143359111767,0.0301029996659,0.025,0,-0.22,-0.11,-0.11
2011-07-17 05:00:01,0.217570859757,0.0301029996659,0.1,0,-0.22,-0.11,-0.11
2011-07-17 07:00:01,0.346885066425,0.0301029996659,0.25,0,-0.22,-0.11,-0.11
2011-07-17 09:00:01,0.42452044101,0.0301029996659,0.75,0,-0.22,-0.11,-0.11
2011-07-17 11:00:01,0.584730174357,0.0301029996659,0.575,0,-0.22,-0.11,-0.11
2011-07-17 13:00:01,0.570864765338,0.0301029996659,0.325,0,-0.22,-0.11,-0.11
2011-07-17 15:00:01,0.525839273396,0.0301029996659,0.35,0,-0.22,-0.11,-0.11
2011-07-17 17:00:01,0.346949542015,0.0301029996659,0.4,0,-0.22,-0.11,-0.11
2011-07-17 19:00:01,0.256968065004,0.0301029996659,0.675,0,-0.22,-0.11,-0.11
2011-07-17 21:00:01,0.239742956006,0.0301029996659,0.125,0,-0.22,-0.11,-0.11
2011-07-17 23:00:01,0.187886021629,0.0301029996659,0.1,0,-0.22,-0.11,-0.11
2011-07-18 01:00:01,0.161582089438,0.0301029996659,0.1,0,-0.22,-0.11,-0.11
2011-07-18 03:00:01,0.138530070901,0.0301029996659,0.0,0,-0.22,-0.11,-0.11
2011-07-18 05:00:01,0.145971095318,0.0301029996659,0.025,0,-0.22,-0.11,-0.11
2011-07-18 07:00:01,0.319640385124,0.0301029996659,0.125,0,-0.22,-0.11,-0.11
2011-07-18 09:00:01,0.453551781296,0.0301029996659,0.525,0,-0.22,-0.11,-0.11
2011-07-18 11:00:01,0.59417456907,0.0301029996659,0.3,0,-0.22,-0.11,-0.11
2011-07-18 13:00:01,0.457051579327,0.0301029996659,0.35,0,-0.22,-0.11,-0.11
2011-07-18 15:00:01,0.391342369917,0.0301029996659,0.175,0,-0.22,-0.11,-0.11
2011-07-18 17:00:01,0.321790125479,0.0301029996659,0.375,0,-0.22,-0.11,-0.11
2011-07-18 19:00:01,0.246549051451,0.0301029996659,0.625,0,-0.22,-0.11,-0.11
2011-07-18 21:00:01,0.228249765454,0.0301029996659,0.05,0,-0.22,-0.11,-0.11
2011-07-18 23:00:01,0.202166765437,0.0301029996659,0.15,0,-0.22,-0.11,-0.11
2011-07-19 01:00:01,0.184091194376,0.0301029996659,0.05,0,-0.22,-0.11,-0.11
2011-07-19 03:00:01,0.156583178334,0.0301029996659,0.05,0,-0.22,-0.11,-0.11
2011-07-19 05:00:01,0.213679793221,0.0301029996659,0.0,0,-0.22,-0.11,-0.11
2011-07-19 07:00:01,0.206288191397,0.0301029996659,0.05,0,-0.22,-0.11,-0.11
2011-07-19 09:00:01,0.485701650943,0.0301029996659,0.325,0,-0.22,-0.11,-0.11
2011-07-19 11:00:01,0.512707996911,0.0301029996659,0.575,0,-0.22,-0.11,-0.11
2011-07-19 13:00:01,0.387080490715,0.0301029996659,0.125,0,-0.22,-0.11,-0.11
2011-07-19 15:00:01,0.467463346053,0.0301029996659,0.2,0,-0.22,-0.11,-0.11
2011-07-19 17:00:01,0.266237288393,0.0301029996659,0.225,0,-0.22,-0.11,-0.11
2011-07-19 19:00:01,0.377479839707,0.0301029996659,0.65,0,-0.22,-0.11,-0.11
2011-07-19 21:00:01,0.239374301933,0.0301029996659,0.125,0,-0.22,-0.11,-0.11
2011-07-19 23:00:01,0.20721999674,0.0301029996659,0.05,0,-0.22,-0.11,-0.11
2011-07-20 01:00:01,0.17535293411,0.0301029996659,0.05,0,-0.22,-0.11,-0.11
2011-07-20 03:00:01,0.13322111022,0.0301029996659,0.0,0,-0.22,-0.11,-0.11
2011-07-20 05:00:01,0.194135398375,0.0301029996659,0.0,0,-0.22,-0.11,-0.11
2011-07-20 07:00:01,0.317831969929,0.0301029996659,0.15,0,-0.22,-0.11,-0.11
2011-07-20 09:00:01,0.506948990382,0.0301029996659,0.4,0,-0.22,-0.11,-0.11
2011-07-20 11:00:01,0.493425888118,0.0301029996659,0.475,0,-0.22,-0.11,-0.11
2011-07-20 13:00:01,0.525203484221,0.0301029996659,0.1,0,-0.22,-0.11,-0.11
2011-07-20 15:00:01,0.298930848455,0.0301029996659,0.1,0,-0.22,-0.11,-0.11
2011-07-20 17:00:01,0.395342238767,0.0301029996659,0.325,0,-0.22,-0.11,-0.11
2011-07-20 19:00:01,0.201449246669,0.0301029996659,0.425,0,-0.22,-0.11,-0.11
2011-07-20 21:00:01,0.216551601378,0.0301029996659,0.1,0,-0.22,-0.11,-0.11
2011-07-20 23:00:01,0.279013742631,0.0301029996659,0.1,0,-0.22,-0.11,-0.11
2011-07-21 01:00:01,0.155743881702,0.0301029996659,0.075,0,-0.22,-0.11,-0.11
2011-07-21 03:00:01,0.145339317705,0.0301029996659,0.025,0,-0.22,-0.11,-0.11
2011-07-21 06:00:01,0.225127023514,0.0301029996659,0.025,0,-0.22,-0.11,-0.11
2011-07-21 08:00:01,0.272592485817,0.143542188513,0.175,0,-0.22,-0.11,-0.11
2011-07-21 10:00:01,0.500682860209,0.119826294662,0.45,0,-0.22,-0.11,-0.11
2011-07-21 12:00:01,0.688708170058,0.104459975791,0.35,0,-0.22,-0.11,-0.11
2011-07-21 14:00:01,0.468349650727,0.108933930877,0.25,0,-0.22,-0.11,-0.11
2011-07-21 16:00:01,0.405492179511,0.127998628659,0.125,0,-0.22,-0.11,-0.11
2011-07-21 18:00:01,0.355934947384,0.116649123367,0.275,0,-0.22,-0.11,-0.11
2011-07-21 20:00:01,0.297296988465,0.095857855874,0.45,0,-0.22,-0.11,-0.11
2011-07-21 22:00:01,0.279340360019,0.0877117306086,0.225,0,-0.22,-0.11,-0.11
2011-07-22 00:00:01,0.216208416255,0.0838076560644,0.1,0,-0.22,-0.11,-0.11
2011-07-22 02:00:01,0.185362212692,0.0850965796275,0.0,0,-0.22,-0.11,-0.11
2011-07-22 04:00:01,0.2296313499,0.0917281881459,0.05,0,-0.22,-0.11,-0.11
2011-07-22 06:00:01,0.236990707817,0.113524104159,0.075,0,-0.22,-0.11,-0.11
2011-07-22 08:00:01,0.496803531495,0.127998628659,0.125,0,-0.22,-0.11,-0.11
2011-07-22 10:00:01,0.658459017973,0.104459975791,0.625,0,-0.22,-0.11,-0.11
2011-07-22 12:00:01,0.596746877025,0.100101529781,0.2,0,-0.22,-0.11,-0.11
2011-07-22 14:00:01,0.491375775283,0.102994361923,0.225,0,-0.22,-0.11,-0.11
2011-07-22 16:00:01,0.335408585677,0.121434497162,0.15,0,-0.22,-0.11,-0.11
2011-07-22 18:00:01,0.330962613101,0.108933930877,0.425,0,-0.22,-0.11,-0.11
2011-07-22 20:00:01,0.394205934513,0.0890380212843,0.45,0,-0.22,-0.11,-0.11
2011-07-22 22:00:01,0.285426606134,0.0825311242687,0.125,0,-0.22,-0.11,-0.11
2011-07-23 00:00:01,0.26473414201,0.0800151049412,0.1,0,-0.22,-0.11,-0.11
2011-07-23 02:00:01,0.214179244496,0.0800151049412,0.075,0,-0.22,-0.11,-0.11
2011-07-23 04:00:01,0.270198998415,0.0863979271985,0.0,0,-0.22,-0.11,-0.11
2011-07-23 06:00:01,0.224572434312,0.121434497162,0.025,0,-0.22,-0.11,-0.11
2011-07-23 08:00:01,0.493507761398,0.131359803574,0.05,0,-0.22,-0.11,-0.11
2011-07-23 10:00:01,0.509806435072,0.107429733839,0.6,0,-0.22,-0.11,-0.11
2011-07-23 12:00:01,0.620478347304,0.11508010687,0.025,0,-0.22,-0.11,-0.11
2011-07-23 14:00:01,0.588276778053,0.124690252852,0.275,0,-0.22,-0.11,-0.11
2011-07-23 16:00:01,0.407757000099,0.148963620364,0.1,0,-0.22,-0.11,-0.11
2011-07-23 18:00:01,0.30309578123,0.145335918766,0.175,0,-0.22,-0.11,-0.11
2011-07-23 20:00:01,0.229650861622,0.127998628659,0.35,0,-0.22,-0.11,-0.11
2011-07-23 22:00:01,0.204156773323,0.126337851947,0.1,0,-0.22,-0.11,-0.11
2011-07-24 00:00:01,0.211396157209,0.126337851947,0.0,0,-0.22,-0.11,-0.11
2011-07-24 02:00:01,0.128643599089,0.127998628659,0.0,0,-0.22,-0.11,-0.11
2011-07-24 04:00:01,0.193969379098,0.129672605219,0.025,0,-0.22,-0.11,-0.11
2011-07-24 06:00:01,0.182067187626,0.171864377732,0.025,0,-0.22,-0.11,-0.11
2011-07-24 08:00:01,0.289536124982,0.167911806727,0.075,0,-0.22,-0.11,-0.11
2011-07-24 10:00:01,0.434267710905,0.160170015494,0.375,0,-0.22,-0.11,-0.11
2011-07-24 12:00:01,0.551777941294,0.143542188513,0.325,0,-0.22,-0.11,-0.11
2011-07-24 14:00:01,0.575968342251,0.143542188513,0.175,1,1.0,1.0,1.0
2011-07-24 16:00:01,0.363468714432,0.164013731164,0.075,1,0.998253626712,0.998253626712,0.998253626712
2011-07-24 18:00:01,0.274288096558,0.162085086947,0.125,1,0.996284391089,0.996284391089,0.996284391089
2011-07-24 20:00:01,0.213512020559,0.139994871211,0.3,1,0.994064379999,0.994064379999,0.994064379999
2011-07-24 22:00:01,0.191002754581,0.127998628659,0.175,1,0.991562328017,0.991562328017,0.991562328017
2011-07-25 00:00:01,0.17807286211,0.127998628659,0.025,1,0.988743254081,0.988743254081,0.988743254081
2011-07-25 02:00:01,0.114142604504,0.129672605219,0.0,1,0.985568069647,0.985568069647,0.985568069647
2011-07-25 04:00:01,0.144246911642,0.134773952078,0.0,1,0.981993159323,0.981993159323,0.981993159323
2011-07-25 06:00:01,0.153459241305,0.162085086947,0.0,1,0.977969936171,0.977969936171,0.977969936171
2011-07-25 08:00:01,0.375302939367,0.181985082495,0.075,1,0.973444375492,0.973444375492,0.973444375492
2011-07-25 10:00:01,0.390454308388,0.164013731164,0.4,1,0.968356532939,0.968356532939,0.968356532939
2011-07-25 12:00:01,0.430285297861,0.139994871211,0.4,1,0.962640055453,0.962640055453,0.962640055453
2011-07-25 14:00:01,0.452680324746,0.145335918766,0.05,1,0.956221696731,0.956221696731,0.956221696731
2011-07-25 16:00:01,0.157649955543,0.154506061818,0.175,1,0.949020852948,0.949020852948,0.949020852948
2011-07-25 18:00:01,0.24124369894,0.143542188513,0.325,1,0.940949139207,0.940949139207,0.940949139207
2011-07-25 20:00:01,0.235160002135,0.133060245396,0.175,1,0.931910032872,0.931910032872,0.931910032872
2011-07-25 22:00:01,0.203985491786,0.126337851947,0.1,1,0.921798616414,0.921798616414,0.921798616414
2011-07-26 00:00:01,0.142881356485,0.126337851947,0.0,1,0.910501459715,0.910501459715,0.910501459715
2011-07-26 02:00:01,0.139351944698,0.0779748285563,0.025,1,0.897896689678,0.897896689678,0.897896689678
2011-07-26 04:00:01,0.128572624444,0.081311954361,0.0,1,0.883854303212,0.883854303212,0.883854303212
2011-07-26 06:00:01,0.000983971620187,1.0,0.025,1,0.868236787562,0.868236787562,0.868236787562
2011-07-26 08:00:01,0.38248295024,0.116830425055,0.075,1,0.850900118894,0.850900118894,0.850900118894
2011-07-26 10:00:01,0.5233777315,0.0980720762283,0.4,1,0.831695214796,0.831695214796,0.831695214796
2011-07-26 12:00:01,0.399162869787,0.0993450298915,0.15,1,0.810469917529,0.810469917529,0.810469917529
2011-07-26 14:00:01,0.419891863465,0.109898198876,0.125,1,0.787071580772,0.787071580772,0.787071580772
2011-07-26 16:00:01,0.28030162283,0.118248186334,0.025,1,0.761350321058,0.761350321058,0.761350321058
2011-07-26 18:00:01,0.259408524489,0.111263825875,0.225,1,0.733162974161,0.733162974161,0.733162974161
2011-07-26 20:00:01,0.218603988717,0.100628202642,0.2,1,0.702377764131,0.702377764131,0.702377764131
2011-07-26 22:00:01,0.1877134733,0.0980720762283,0.075,1,0.668879647242,0.668879647242,0.668879647242
2011-07-27 00:00:01,0.176174912325,0.0980720762283,0.0,1,0.632576234259,0.632576234259,0.632576234259
2011-07-27 02:00:01,0.14548881067,0.0993450298915,0.0,1,0.593404123539,0.593404123539,0.593404123539
2011-07-27 04:00:01,0.155952563936,0.101921614491,0.025,1,0.551335398131,0.551335398131,0.551335398131
2011-07-27 06:00:01,0.148669490265,0.122564414297,0.025,1,0.506383958686,0.506383958686,0.506383958686
2011-07-27 08:00:01,0.295059356682,0.12996894056,0.025,1,0.458611289919,0.458611289919,0.458611289919
2011-07-27 10:00:01,0.439566245328,0.133004912175,0.075,1,0.408131203453,0.408131203453,0.408131203453
2011-07-27 12:00:01,0.442614926619,0.101921614491,0.575,1,0.35511307715,0.35511307715,0.35511307715
2011-07-27 14:00:01,0.438678027369,0.112639844051,0.025,1,0.299783132895,0.299783132895,0.299783132895
2011-07-27 16:00:01,0.379522109676,0.119676426974,0.075,1,0.242423370039,0.242423370039,0.242423370039
2011-07-27 18:00:01,0.331314163382,0.116830425055,0.125,1,0.183367903091,0.183367903091,0.183367903091
2011-07-27 20:00:01,0.256637040872,0.111263825875,0.1,1,0.122996633765,0.122996633765,0.122996633765
2011-07-27 22:00:01,0.243701401417,0.0993450298915,0.225,1,0.0617264035963,0.0617264035963,0.0617264035963
2011-07-28 00:00:01,0.147534516765,0.0955567449518,0.1,0,-0.0137321242845,-0.00686606214223,-0.00686606214223
2011-07-28 02:00:01,0.157066545009,0.0968093214079,0.0,0,-0.0273576603898,-0.0136788301949,-0.0136788301949
2011-07-28 04:00:01,0.142731993306,0.0980720762283,0.0,0,-0.0407733039798,-0.0203866519899,-0.0203866519899
2011-07-28 06:00:01,0.162148007374,0.101921614491,0.0,0,-0.0538821057288,-0.0269410528644,-0.0269410528644
2011-07-28 08:00:01,0.517897285146,0.128466878052,0.1,0,-0.0665961404531,-0.0332980702265,-0.0332980702265
2011-07-28 10:00:01,0.612499485928,0.094314326145,0.65,0,-0.0788386276372,-0.0394193138186,-0.0394193138186
2011-07-28 12:00:01,0.446529542833,0.0930820440327,0.1,0,-0.0905454122483,-0.0452727061241,-0.0452727061241
2011-07-28 14:00:01,0.404135857732,0.0980720762283,0.025,0,-0.101665774597,-0.0508328872986,-0.0508328872986
2011-07-28 16:00:01,0.00326508400789,0.0968093214079,0.125,0,-0.112162594222,-0.0560812971109,-0.0560812971109
2011-07-28 18:00:01,0.455160685778,0.0993450298915,0.175,0,-0.122011938917,-0.0610059694584,-0.0610059694584
2011-07-28 20:00:01,0.202158077792,0.0955567449518,0.175,0,-0.131202182205,-0.0656010911027,-0.0656010911027
2011-07-28 22:00:01,0.220964257391,0.0894458046657,0.125,0,-0.139732769525,-0.0698663847626,-0.0698663847626
2011-07-29 00:00:01,0.211517106446,0.0894458046657,0.0,0,-0.147612756326,-0.0738063781628,-0.0738063781628
2011-07-29 02:00:01,0.147722062332,0.0894458046657,0.0,0,-0.154859232866,-0.077429616433,-0.077429616433
2011-07-29 04:00:01,0.141013537197,0.094314326145,0.0,0,-0.161495734313,-0.0807478671565,-0.0807478671565
2011-07-29 06:00:01,0.158813135032,0.12996894056,0.0,0,-0.16755071431,-0.0837753571551,-0.0837753571551
2011-07-29 08:00:01,0.457448087743,0.131481613419,0.075,0,-0.173056138664,-0.086528069332,-0.086528069332
2011-07-29 10:00:01,0.469454155973,0.115423125905,0.3,0,-0.178046235444,-0.0890231177222,-0.0890231177222
2011-07-29 12:00:01,0.465535068068,0.114026271448,0.15,0,-0.182556420197,-0.0912782100985,-0.0912782100985
2011-07-29 14:00:01,0.45310146576,0.119676426974,0.075,0,-0.186622400791,-0.0933112003953,-0.0933112003953
2011-07-29 16:00:01,0.172425168071,0.121115164014,0.15,0,-0.190279455899,-0.0951397279493,-0.0951397279493
2011-07-29 18:00:01,0.266947696995,0.124024194474,0.075,0,-0.193561873923,-0.0967809369617,-0.0967809369617
2011-07-29 20:00:01,0.062668451477,0.116830425055,0.125,0,-0.196502534888,-0.098251267444,-0.098251267444
2011-07-29 22:00:01,0.220403664009,0.0993450298915,0.325,0,-0.199132615802,-0.0995663079009,-0.0995663079009
2011-07-30 00:00:01,0.229069311321,0.094314326145,0.1,0,-0.201481399717,-0.100740699859,-0.100740699859
2011-07-30 02:00:01,0.154835868682,0.094314326145,0.0,0,-0.203576169569,-0.101788084784,-0.101788084784
2011-07-30 04:00:01,0.203818083967,0.0980720762283,0.0,0,-0.205442169509,-0.102721084754,-0.102721084754
2011-07-30 06:00:01,0.232935602737,0.114026271448,0.0,0,-0.207102618469,-0.103551309235,-0.103551309235
2011-07-30 08:00:01,0.375881709479,0.121115164014,0.025,0,-0.208578762833,-0.104289381416,-0.104289381416
2011-07-30 10:00:01,0.439536282858,0.107198045183,0.325,0,-0.20988995724,-0.10494497862,-0.10494497862
2011-07-30 12:00:01,0.475051899481,0.107198045183,0.15,0,-0.211053764529,-0.105526882265,-0.105526882265
2011-07-30 14:00:01,0.454925326176,0.105863481347,0.1,0,-0.212086067617,-0.106043033808,-0.106043033808
2011-07-30 16:00:01,0.310035490495,0.111263825875,0.025,0,-0.213001187647,-0.106500593823,-0.106500593823
2011-07-30 18:00:01,0.322629535726,0.124024194474,0.1,0,-0.213812004101,-0.10690600205,-0.10690600205
2011-07-30 20:00:01,0.239908136512,0.128466878052,0.025,0,-0.214530073625,-0.107265036812,-0.107265036812
2011-07-30 22:00:01,0.234870484843,0.114026271448,0.25,0,-0.215165745243,-0.107582872621,-0.107582872621
2011-07-31 00:00:01,0.25892067675,0.105863481347,0.15,0,-0.215728270348,-0.107864135174,-0.107864135174
2011-07-31 02:00:01,0.168897432416,0.105863481347,0.0,0,-0.216225906418,-0.108112953209,-0.108112953209
2011-07-31 04:00:01,0.195074396444,0.107198045183,0.0,0,-0.216666013842,-0.108333006921,-0.108333006921
2011-07-31 06:00:01,0.21212590836,0.125494521007,0.0,0,-0.217055145593,-0.108527572797,-0.108527572797
2011-07-31 08:00:01,0.280396110798,0.134538852199,0.0,0,-0.217399129703,-0.108699564852,-0.108699564852
2011-07-31 10:00:01,0.325472865004,0.12996894056,0.175,0,-0.217703144695,-0.108851572347,-0.108851572347
2011-07-31 12:00:01,0.42241017221,0.107198045183,0.425,0,-0.217971788241,-0.108985894121,-0.108985894121
2011-07-31 14:00:01,0.454567579407,0.109898198876,0.05,0,-0.218209139405,-0.109104569703,-0.109104569703
2011-07-31 16:00:01,0.376663051281,0.111263825875,0.0,0,-0.218418814864,-0.109209407432,-0.109209407432
2011-07-31 18:00:01,0.231251390096,0.112639844051,0.225,0,-0.218604019549,-0.109302009775,-0.109302009775
2011-07-31 20:00:01,0.221718482353,0.119676426974,0.025,0,-0.218767592134,-0.109383796067,-0.109383796067
2011-07-31 22:00:01,0.2719695304,0.111263825875,0.15,0,-0.218912045811,-0.109456022906,-0.109456022906
2011-08-01 00:00:01,0.183854930206,0.111263825875,0.0,0,-0.219039604764,-0.109519802382,-0.109519802382
2011-08-01 02:00:01,0.136459424487,0.111263825875,0.0,0,-0.219152236748,-0.109576118374,-0.109576118374
2011-08-01 04:00:01,0.113553461349,0.109898198876,0.025,0,-0.219251682139,-0.109625841069,-0.109625841069
2011-08-01 06:00:01,0.149411987548,0.118248186334,0.025,0,-0.219339479807,-0.109669739904,-0.109669739904
2011-08-01 08:00:01,0.361513984073,0.142368697217,0.025,0,-0.219416990136,-0.109708495068,-0.109708495068
2011-08-01 10:00:01,0.488597227448,0.140781326326,0.075,0,-0.219485415483,-0.109742707742,-0.109742707742
2011-08-01 12:00:01,0.41313021761,0.125494521007,0.25,0,-0.219545818344,-0.109772909172,-0.109772909172
2011-08-01 14:00:01,0.359762170646,0.136083448688,0.05,0,-0.219599137474,-0.109799568737,-0.109799568737
2011-08-01 16:00:01,0.289073768803,0.137638716663,0.0,0,-0.219646202188,-0.109823101094,-0.109823101094
2011-08-01 18:00:01,0.323627807345,0.143966798012,0.05,0,-0.219687745024,-0.109843872512,-0.109843872512
2011-08-01 20:00:01,0.229332661947,0.143966798012,0.0,0,-0.21972441297,-0.109862206485,-0.109862206485
2011-08-01 22:00:01,0.202887167798,0.128466878052,0.25,0,-0.2197567774,-0.1098783887,-0.1098783887
2011-08-02 00:00:01,0.175209644865,0.12996894056,0.0,0,-0.219785342866,-0.109892671433,-0.109892671433
2011-08-02 02:00:01,0.172503691226,0.131481613419,0.0,0,-0.219810554884,-0.109905277442,-0.109905277442
2011-08-02 04:00:01,0.122842945119,0.133004912175,0.0,0,-0.219832806814,-0.109916403407,-0.109916403407
2011-08-02 06:00:01,0.171762466504,0.137638716663,0.0,0,-0.219852445943,-0.109926222971,-0.109926222971
2011-08-02 08:00:01,0.401144203264,0.150466781708,0.05,0,-0.21986977887,-0.109934889435,-0.109934889435
2011-08-02 10:00:01,0.447094298246,0.145575642904,0.125,0,-0.21988507626,-0.10994253813,-0.10994253813
2011-08-02 12:00:01,0.464249548487,0.139204670981,0.1,0,-0.219898577042,-0.109949288521,-0.109949288521
2011-08-02 14:00:01,0.452098154126,0.137638716663,0.075,0,-0.21991049213,-0.109955246065,-0.109955246065
2011-08-02 16:00:01,0.387994271038,0.136083448688,0.025,0,-0.219921007693,-0.109960503847,-0.109960503847
2011-08-02 18:00:01,0.309087077998,0.150466781708,0.025,0,-0.219930288064,-0.109965144032,-0.109965144032
2011-08-02 20:00:01,0.305809320552,0.142368697217,0.125,0,-0.219938478287,-0.109969239143,-0.109969239143
2011-08-02 22:00:01,0.29720504068,0.122564414297,0.325,0,-0.219945706387,-0.109972853193,-0.109972853193
2011-08-03 00:00:01,0.188286974461,0.118248186334,0.075,0,-0.21995208536,-0.10997604268,-0.10997604268
2011-08-03 02:00:01,0.133994781432,0.118248186334,0.0,0,-0.219957714937,-0.109978857469,-0.109978857469
2011-08-03 04:00:01,0.128252606457,0.121115164014,0.0,0,-0.219962683142,-0.109981341571,-0.109981341571
2011-08-03 06:00:01,0.153733810649,0.128466878052,0.0,0,-0.21996706766,-0.10998353383,-0.10998353383
2011-08-03 08:00:01,0.362468087548,0.133004912175,0.025,0,-0.219970937056,-0.109985468528,-0.109985468528
2011-08-03 10:00:01,0.691956124314,0.0861622787889,0.05,0,-0.219974351843,-0.109987175922,-0.109987175922
2011-08-03 12:00:01,0.444023939447,0.0766914369804,0.25,0,-0.219977365426,-0.109988682713,-0.109988682713
2011-08-03 14:00:01,0.453174792496,0.075682015649,0.05,0,-0.219980024938,-0.109990012469,-0.109990012469
2011-08-03 16:00:01,0.378406614728,0.0797709366886,0.025,0,-0.219982371975,-0.109991185988,-0.109991185988
2011-08-03 18:00:01,0.267312071302,0.0905969325735,0.075,0,-0.21998444325,-0.109992221625,-0.109992221625
2011-08-03 20:00:01,0.260711886419,0.0917274843463,0.05,0,-0.219986271159,-0.109993135579,-0.109993135579
2011-08-03 22:00:01,0.233285806598,0.0905969325735,0.025,0,-0.219987884296,-0.109993942148,-0.109993942148
2011-08-04 00:00:01,0.158111370303,0.0872578453033,0.075,0,-0.219989307894,-0.109994653947,-0.109994653947
2011-08-04 02:00:01,0.128176016257,0.0872578453033,0.0,0,-0.219990564223,-0.109995282111,-0.109995282111
2011-08-04 04:00:01,0.124495046127,0.0883621309876,0.0,0,-0.219991672935,-0.109995836467,-0.109995836467
2011-08-04 06:00:01,0.125320507716,0.0905969325735,0.0,0,-0.219992651374,-0.109996325687,-0.109996325687
2011-08-04 08:00:01,0.505902851026,0.101089815018,0.025,0,-0.219993514848,-0.109996757424,-0.109996757424
2011-08-04 10:00:01,0.417950592782,0.0975124533897,0.125,0,-0.219994276863,-0.109997138432,-0.109997138432
2011-08-04 12:00:01,0.549754911728,0.0963377742783,0.05,0,-0.219994949342,-0.109997474671,-0.109997474671
2011-08-04 14:00:01,0.442797415431,0.0963377742783,0.075,0,-0.219995542804,-0.109997771402,-0.109997771402
2011-08-04 16:00:01,0.377236338633,0.0975124533897,0.025,0,-0.219996066534,-0.109998033267,-0.109998033267
2011-08-04 18:00:01,0.307153691718,0.095171954818,0.075,0,-0.219996528724,-0.109998264362,-0.109998264362
2011-08-04 20:00:01,0.257590838762,0.0975124533897,0.025,0,-0.219996936607,-0.109998468304,-0.109998468304
2011-08-04 22:00:01,0.239097911372,0.095171954818,0.05,0,-0.219997296563,-0.109998648282,-0.109998648282
2011-08-05 00:00:01,0.171688928697,0.0928668270349,0.05,0,-0.219997614224,-0.109998807112,-0.109998807112
2011-08-05 02:00:01,0.126886132106,0.0928668270349,0.0,0,-0.219997894558,-0.109998947279,-0.109998947279
2011-08-05 04:00:01,0.12949774781,0.0940149781004,0.0,0,-0.219998141953,-0.109999070977,-0.109999070977
2011-08-05 06:00:01,0.184490653727,0.0998884572986,0.0,0,-0.219998360279,-0.109999180139,-0.109999180139
2011-08-05 08:00:01,0.50548598641,0.101089815018,0.025,0,-0.21999855295,-0.109999276475,-0.109999276475
2011-08-05 10:00:01,0.467201510146,0.0975124533897,0.15,0,-0.219998722983,-0.109999361491,-0.109999361491
2011-08-05 12:00:01,0.452915473859,0.0940149781004,0.1,0,-0.219998873036,-0.109999436518,-0.109999436518
2011-08-05 14:00:01,0.470616936536,0.095171954818,0.05,0,-0.219999005457,-0.109999502729,-0.109999502729
2011-08-05 16:00:01,0.378977633828,0.095171954818,0.025,0,-0.219999122319,-0.109999561159,-0.109999561159
2011-08-05 18:00:01,0.268990764623,0.0928668270349,0.1,0,-0.219999225449,-0.109999612724,-0.109999612724
2011-08-05 20:00:01,0.251701544928,0.0940149781004,0.025,0,-0.219999316461,-0.10999965823,-0.10999965823
2011-08-05 22:00:01,0.246216858429,0.0928668270349,0.025,0,-0.219999396779,-0.109999698389,-0.109999698389
2011-08-06 00:00:01,0.249949816738,0.0917274843463,0.025,0,-0.219999467659,-0.10999973383,-0.10999973383
2011-08-06 02:00:01,0.137552866091,0.0917274843463,0.0,0,-0.219999530211,-0.109999765105,-0.109999765105
2011-08-06 04:00:01,0.288752499144,0.0928668270349,0.0,0,-0.219999585412,-0.109999792706,-0.109999792706
2011-08-06 06:00:01,0.273987644537,0.0975124533897,0.05,0,-0.219999634128,-0.109999817064,-0.109999817064
2011-08-06 08:00:01,0.580597323769,0.095171954818,0.15,0,-0.219999677119,-0.109999838559,-0.109999838559
2011-08-06 10:00:01,0.420263604131,0.0883621309876,0.2,0,-0.219999715058,-0.109999857529,-0.109999857529
2011-08-06 12:00:01,0.751038636193,0.0861622787889,0.075,0,-0.21999974854,-0.10999987427,-0.10999987427
2011-08-06 14:00:01,0.560445151722,0.0850754130226,0.125,0,-0.219999778087,-0.109999889044,-0.109999889044
2011-08-06 16:00:01,0.447607191665,0.0850754130226,0.025,0,-0.219999804163,-0.109999902081,-0.109999902081
2011-08-06 18:00:01,0.349190198989,0.0850754130226,0.025,0,-0.219999827174,-0.109999913587,-0.109999913587
2011-08-06 20:00:01,0.34599954003,0.0787358773315,0.175,0,-0.219999847482,-0.109999923741,-0.109999923741
2011-08-06 22:00:01,0.394767069663,0.0698033666097,0.225,0,-0.219999865403,-0.109999932702,-0.109999932702
2011-08-07 00:00:01,0.30013037612,0.0651350647231,0.125,0,-0.22,-0.11,-0.11
2011-08-07 02:00:01,0.220632140194,0.0642262907952,0.075,0,-0.22,-0.11,-0.11
2011-08-07 04:00:01,0.255685414881,0.0698033666097,0.0,0,-0.22,-0.11,-0.11
2011-08-07 06:00:01,0.265684254769,0.077709384116,0.0,0,-0.22,-0.11,-0.11
2011-08-07 08:00:01,0.705293375736,0.0808145820367,0.0,0,-0.22,-0.11,-0.11
2011-08-07 10:00:01,0.570971602411,0.0808145820367,0.125,0,-0.22,-0.11,-0.11
2011-08-07 12:00:01,0.625506089104,0.0797709366886,0.05,0,-0.22,-0.11,-0.11
2011-08-07 14:00:01,0.494468355527,0.075682015649,0.125,0,-0.22,-0.11,-0.11
2011-08-07 16:00:01,0.343257645616,0.0829277090565,0.0,0,-0.22,-0.11,-0.11
2011-08-07 18:00:01,0.295759445392,0.0894751540671,0.075,0,-0.22,-0.11,-0.11
2011-08-07 20:00:01,0.2688082445,0.0940149781004,0.025,0,-0.22,-0.11,-0.11
2011-08-07 22:00:01,0.203492220123,0.0928668270349,0.1,0,-0.22,-0.11,-0.11
2011-08-08 00:00:01,0.158421474179,0.0928668270349,0.0,0,-0.22,-0.11,-0.11
2011-08-08 02:00:01,0.121540243196,0.0928668270349,0.0,0,-0.22,-0.11,-0.11
2011-08-08 04:00:01,0.125770320237,0.0928668270349,0.0,0,-0.22,-0.11,-0.11
2011-08-08 06:00:01,0.164388738427,0.09869600888,0.0,0,-0.22,-0.11,-0.11
2011-08-08 08:00:01,0.538720538721,0.095171954818,0.125,0,-0.22,-0.11,-0.11
2011-08-08 10:00:01,0.504777937317,0.095171954818,0.125,0,-0.22,-0.11,-0.11
2011-08-08 12:00:01,0.552252988884,0.0905969325735,0.1,0,-0.22,-0.11,-0.11
2011-08-08 14:00:01,0.488050599086,0.0928668270349,0.025,0,-0.22,-0.11,-0.11
2011-08-08 16:00:01,0.371820079252,0.0928668270349,0.025,0,-0.22,-0.11,-0.11
2011-08-08 19:00:01,0.303475913506,0.095171954818,0.05,0,-0.22,-0.11,-0.11
2011-08-08 21:00:01,0.228444369989,0.0894751540671,0.125,0,-0.22,-0.11,-0.11
2011-08-08 23:00:01,0.224449362654,0.0894751540671,0.0,0,1.0,1.0,1.0
2011-08-09 01:00:01,0.136542467022,0.0894751540671,0.0,1,0.998297692588,0.998297692588,0.998297692588
2011-08-09 03:00:01,0.120690831531,0.0894751540671,0.0,1,0.996383617298,0.996383617298,0.996383617298
2011-08-09 05:00:01,0.162574348651,0.095171954818,0.0,1,0.994231914983,0.994231914983,0.994231914983
2011-08-09 07:00:01,0.303853030489,0.0998884572986,0.025,1,0.991813697513,0.991813697513,0.991813697513
2011-08-09 09:00:01,0.441010177158,0.101089815018,0.075,1,0.989096727188,0.989096727188,0.989096727188
2011-08-09 11:00:01,0.464782413638,0.09869600888,0.075,1,0.986045071448,0.986045071448,0.986045071448
2011-08-09 13:00:01,0.438503988458,0.09869600888,0.025,1,0.982618733639,0.982618733639,0.982618733639
2011-08-09 15:00:01,0.164215514352,0.0963377742783,0.1,1,0.978773261541,0.978773261541,0.978773261541
2011-08-09 17:00:01,0.488523409429,0.0963377742783,0.125,1,0.974459336696,0.974459336696,0.974459336696
2011-08-09 19:00:01,0.262345464648,0.0928668270349,0.075,1,0.96962234915,0.96962234915,0.96962234915
2011-08-09 21:00:01,0.257790414093,0.0883621309876,0.1,1,0.964201964364,0.964201964364,0.964201964364
2011-08-09 23:00:01,0.20190184698,0.0861622787889,0.05,1,0.958131691563,0.958131691563,0.958131691563
2011-08-10 01:00:01,0.183241464642,0.0861622787889,0.0,1,0.951338465977,0.951338465977,0.951338465977
2011-08-10 03:00:01,0.121649223991,0.0861622787889,0.025,1,0.943742261198,0.943742261198,0.943742261198
2011-08-10 05:00:01,0.191172813493,0.0894751540671,0.0,1,0.935255752335,0.935255752335,0.935255752335
2011-08-10 07:00:01,0.307326101538,0.0928668270349,0.0,1,0.925784055831,0.925784055831,0.925784055831
2011-08-10 09:00:01,0.517268550509,0.0905969325735,0.075,1,0.915224577627,0.915224577627,0.915224577627
2011-08-10 11:00:01,0.546461283701,0.0917274843463,0.075,1,0.90346700773,0.90346700773,0.90346700773
2011-08-10 13:00:01,0.482360222818,0.095171954818,0.05,1,0.890393505998,0.890393505998,0.890393505998
2011-08-10 15:00:01,0.587476998888,0.09869600888,0.0,1,0.875879130615,0.875879130615,0.875879130615
2011-08-10 18:00:01,0.65729071692,0.0975124533897,0.125,1,0.85979256691,0.85979256691,0.85979256691
2011-08-10 20:00:01,0.210126419891,0.0928668270349,0.15,1,0.841997218985,0.841997218985,0.841997218985
2011-08-10 22:00:01,0.298046930123,0.083997229385,0.2,1,0.822352729123,0.822352729123,0.822352729123
2011-08-11 00:00:01,0.212103377903,0.083997229385,0.025,1,0.800716988837,0.800716988837,0.800716988837
2011-08-11 02:00:01,0.154776075863,0.083997229385,0.0,1,0.776948699268,0.776948699268,0.776948699268
2011-08-11 04:00:01,0.160230773158,0.083997229385,0.0,1,0.750910525611,0.750910525611,0.750910525611
2011-08-11 06:00:01,0.286224224343,0.0872578453033,0.0,1,0.72247286892,0.72247286892,0.72247286892
2011-08-11 08:00:01,0.461444787544,0.0905969325735,0.0,1,0.69151824732,0.69151824732,0.69151824732
2011-08-11 10:00:01,0.678798876943,0.0872578453033,0.125,1,0.657946236698,0.657946236698,0.657946236698
2011-08-11 12:00:01,0.651850316551,0.0850754130226,0.05,1,0.621678868373,0.621678868373,0.621678868373
2011-08-11 14:00:01,0.567822431348,0.0883621309876,0.05,1,0.582666319774,0.582666319774,0.582666319774
2011-08-11 16:00:01,0.410222140289,0.095171954818,0.0,1,0.540892667374,0.540892667374,0.540892667374
2011-08-11 18:00:01,0.0360733895514,0.104747505095,0.0,1,0.496381404826,0.496381404826,0.496381404826
2011-08-11 20:00:01,0.343160724482,0.0807979343571,0.075,1,0.449200371443,0.449200371443,0.449200371443
2011-08-11 22:00:01,0.315529764651,0.0736514234076,0.175,1,0.399465696645,0.399465696645,0.399465696645
2011-08-12 00:00:01,0.26762085518,0.0697555008296,0.1,1,0.347344354939,0.347344354939,0.347344354939
2011-08-12 02:00:01,0.194452765968,0.0688026472201,0.025,1,0.293054952936,0.293054952936,0.293054952936
2011-08-12 04:00:01,0.213030424064,0.0688026472201,0.0,1,0.236866440739,0.236866440739,0.236866440739
2011-08-12 06:00:01,0.24952092977,0.0736514234076,0.0,1,0.179094555958,0.179094555958,0.179094555958
2011-08-12 08:00:01,1.0514424748,1.0,0.025,1,0.120095963531,0.120095963531,0.120095963531
2011-08-12 10:00:01,0.555629306912,0.0726647229078,0.1,1,0.0602602352706,0.0602602352706,0.0602602352706
2011-08-12 12:00:01,0.577830188679,0.0697555008296,0.075,0,-0.0133980335195,-0.00669901675977,-0.00669901675977
2011-08-12 14:00:01,0.552825126341,0.0669221372848,0.075,0,-0.0266970522493,-0.0133485261247,-0.0133485261247
2011-08-12 16:00:01,0.410258361313,0.0697555008296,0.0,0,-0.0398009469025,-0.0199004734512,-0.0199004734512
2011-08-12 18:00:01,0.286050702466,0.0746466396005,0.05,0,-0.0526192398791,-0.0263096199395,-0.0263096199395
2011-08-12 20:00:01,0.304786649345,0.0736514234076,0.125,0,-0.065069471557,-0.0325347357785,-0.0325347357785
2011-08-12 22:00:01,0.247207914596,0.0726647229078,0.05,0,-0.0770791206628,-0.0385395603314,-0.0385395603314
2011-08-13 00:00:01,0.25194385834,0.0716865167412,0.025,0,-0.0885869777866,-0.0442934888933,-0.0442934888933
2011-08-13 02:00:01,0.226015539942,0.0697555008296,0.05,0,-0.0995439403042,-0.0497719701521,-0.0497719701521
2011-08-13 04:00:01,0.211005513585,0.0707167833206,0.0,0,-0.109913243879,-0.0549566219394,-0.0549566219394
2011-08-13 06:00:01,0.282709693961,0.0746466396005,0.0,0,-0.119670185112,-0.0598350925561,-0.0598350925561
2011-08-13 08:00:01,0.543314721321,0.0756503926212,0.05,0,-0.12880141843,-0.0644007092152,-0.0644007092152
2011-08-13 10:00:01,0.654440319992,0.0726647229078,0.15,0,-0.137303926626,-0.068651963313,-0.068651963313
2011-08-13 12:00:01,0.821226108237,0.0697555008296,0.075,0,-0.145183769216,-0.0725918846082,-0.0725918846082
2011-08-13 14:00:01,0.731631892872,0.0697555008296,0.05,0,-0.152454707855,-0.0762273539274,-0.0762273539274
2011-08-13 16:00:01,0.455897653464,0.0746466396005,0.0,0,-0.1591367961,-0.07956839805,-0.07956839805
2011-08-13 18:00:01,0.319265175906,0.0756503926212,0.025,0,-0.165255004785,-0.0826275023923,-0.0826275023923
2011-08-13 20:00:01,0.273386162835,0.0756503926212,0.025,0,-0.170837936557,-0.0854189682784,-0.0854189682784
2011-08-13 22:00:01,0.286839076795,0.0776835925715,0.0,0,-0.175916665948,-0.0879583329742,-0.0879583329742
2011-08-14 00:00:01,0.305872772168,0.0756503926212,0.05,0,-0.180523725937,-0.0902618629684,-0.0902618629684
2011-08-14 02:00:01,0.266756655086,0.0746466396005,0.025,0,-0.184692249192,-0.092346124596,-0.092346124596
2011-08-14 04:00:01,0.279994138609,0.0756503926212,0.025,0,-0.188455262334,-0.0942276311668,-0.0942276311668
2011-08-14 06:00:01,0.395057867769,0.079751187912,0.05,0,-0.191845124467,-0.0959225622335,-0.0959225622335
2011-08-14 08:00:01,0.532560172426,0.0818533398261,0.025,0,-0.194893096706,-0.0974465483529,-0.0974465483529
2011-08-14 10:00:01,0.60236216865,0.0807979343571,0.075,0,-0.197629026901,-0.0988145134506,-0.0988145134506
2011-08-14 12:00:01,0.697846165352,0.0787130806635,0.05,0,-0.200081132894,-0.100040566447,-0.100040566447
2011-08-14 14:00:01,0.705035886297,0.0787130806635,0.025,0,-0.202275867865,-0.101137933932,-0.101137933932
2011-08-14 16:00:01,0.51239017303,0.0787130806635,0.025,0,-0.204237852406,-0.102118926203,-0.102118926203
2011-08-14 18:00:01,0.374578723674,0.0776835925715,0.025,0,-0.205989859408,-0.102994929704,-0.102994929704
2011-08-14 20:00:01,0.258318839399,0.0787130806635,0.025,0,-0.207552839603,-0.103776419802,-0.103776419802
2011-08-14 22:00:01,0.252419295524,0.0787130806635,0.025,0,-0.20894597739,-0.104472988695,-0.104472988695
2011-08-15 00:00:01,0.219272374672,0.0787130806635,0.025,0,-0.210186768243,-0.105093384122,-0.105093384122
2011-08-15 02:00:01,0.112465680559,0.079751187912,0.025,0,-0.211291110649,-0.105645555325,-0.105645555325
2011-08-15 04:00:01,0.184368853672,0.0807979343571,0.0,0,-0.212273406882,-0.106136703441,-0.106136703441
2011-08-15 06:00:01,0.354687066255,0.0829174239358,0.025,0,-0.213146668168,-0.106573334084,-0.106573334084
2011-08-15 08:00:01,0.616148756951,0.0829174239358,0.05,0,-0.213922620849,-0.106961310425,-0.106961310425
2011-08-15 10:00:01,0.571309896915,0.0818533398261,0.05,0,-0.214611810969,-0.107305905484,-0.107305905484
2011-08-15 12:00:01,0.542183415828,0.0829174239358,0.0,0,-0.215223705473,-0.107611852736,-0.107611852736
2011-08-15 14:00:01,0.577879875789,0.0829174239358,0.025,0,-0.21576678873,-0.107883394365,-0.107883394365
2011-08-15 16:00:01,0.465648351938,0.0818533398261,0.05,0,-0.21624865356,-0.10812432678,-0.10812432678
2011-08-15 18:00:01,0.377605768531,0.0818533398261,0.025,0,-0.216676086285,-0.108338043143,-0.108338043143
2011-08-15 20:00:01,0.294380946024,0.0829174239358,0.0,0,-0.217055145593,-0.108527572797,-0.108527572797
2011-08-16 00:00:01,0.643067449002,0.079751187912,0.1,0,-0.217391235206,-0.108695617603,-0.108695617603
2011-08-16 02:00:01,0.167272282104,0.0787130806635,0.025,0,-0.217689170472,-0.108844585236,-0.108844585236
2011-08-16 04:00:01,0.178216551315,0.079751187912,0.0,0,-0.217953239118,-0.108976619559,-0.108976619559
2011-08-16 06:00:01,0.24371422548,0.0818533398261,0.0,0,-0.218187256457,-0.109093628229,-0.109093628229
2011-08-16 08:00:01,0.569862575619,0.0818533398261,0.05,0,-0.218394615398,-0.109197307699,-0.109197307699
2011-08-16 10:00:01,0.565135026756,0.0787130806635,0.075,0,-0.218578331596,-0.109289165798,-0.109289165798
2011-08-16 12:00:01,0.684601825906,0.0776835925715,0.05,0,-0.218741084146,-0.109370542073,-0.109370542073
2011-08-16 14:00:01,0.761553756413,0.0787130806635,0.025,0,-0.218885252147,-0.109442626074,-0.109442626074
2011-08-16 16:00:01,0.414905863704,0.0787130806635,0.025,0,-0.21901294752,-0.10950647376,-0.10950647376
2011-08-16 18:00:01,0.290037711535,0.0776835925715,0.025,0,-0.219126044401,-0.1095630222,-0.1095630222
2011-08-16 20:00:01,0.251921989966,0.0807979343571,0.025,0,-0.219226205435,-0.109613102717,-0.109613102717
2011-08-16 22:00:01,0.232801250976,0.0818533398261,0.0,0,-0.219314905267,-0.109657452634,-0.109657452634
2011-08-17 00:00:01,0.23586630843,0.0818533398261,0.0,0,-0.219393451506,-0.109696725753,-0.109696725753
2011-08-17 02:00:01,0.195701468993,0.0818533398261,0.0,0,-0.219463003412,-0.109731501706,-0.109731501706
2011-08-17 04:00:01,0.147768401599,0.0839902060941,0.0,0,-0.219524588546,-0.109762294273,-0.109762294273
2011-08-17 06:00:01,0.265700570732,0.0872609318557,0.0,0,-0.219579117589,-0.109789558795,-0.109789558795
2011-08-17 08:00:01,0.457430227251,0.0894852525531,0.0,0,-0.219627397528,-0.109813698764,-0.109813698764
2011-08-17 10:00:01,0.581056523374,0.0872609318557,0.075,0,-0.219670143372,-0.109835071686,-0.109835071686
2011-08-17 12:00:01,0.510756497832,0.0883686961888,0.0,0,-0.219707988568,-0.109853994284,-0.109853994284
2011-08-17 14:00:01,0.528956989498,0.0883686961888,0.025,0,-0.219741494252,-0.109870747126,-0.109870747126
2011-08-17 16:00:01,0.444223371391,0.0894852525531,0.0,0,-0.219771157461,-0.109885578731,-0.109885578731
2011-08-17 18:00:01,0.356207628528,0.0872609318557,0.05,0,-0.219797418422,-0.109898709211,-0.109898709211
2011-08-17 20:00:01,0.303964545498,0.0850717055027,0.05,0,-0.21982066702,-0.10991033351,-0.10991033351
2011-08-17 22:00:01,0.265141882694,0.0839902060941,0.025,0,-0.219841248534,-0.109920624267,-0.109920624267
2011-08-18 00:00:01,0.201826116196,0.0839902060941,0.0,0,-0.219859468723,-0.109929734361,-0.109929734361
2011-08-18 02:00:01,0.168131389871,0.0839902060941,0.0,0,-0.21987559834,-0.10993779917,-0.10993779917
2011-08-18 04:00:01,0.148568237737,0.0839902060941,0.0,0,-0.219889877127,-0.109944938564,-0.109944938564
2011-08-18 06:00:01,0.191789020266,0.0872609318557,0.0,0,-0.219902517363,-0.109951258681,-0.109951258681
2011-08-18 08:00:01,0.563748550423,0.0861619411584,0.025,0,-0.219913706998,-0.109956853499,-0.109956853499
2011-08-18 10:00:01,0.651507000683,0.0818533398261,0.125,0,-0.219923612444,-0.109961806222,-0.109961806222
2011-08-18 12:00:01,0.561417986445,0.0818533398261,0.0,0,-0.219932381034,-0.109966190517,-0.109966190517
2011-08-18 14:00:01,0.457558336152,0.0839902060941,0.0,0,-0.219940143207,-0.109970071603,-0.109970071603
2011-08-18 16:00:01,0.440904397665,0.0861619411584,0.0,0,-0.219947014445,-0.109973507222,-0.109973507222
2011-08-18 18:00:01,0.384591481943,0.0872609318557,0.0,0,-0.219953096986,-0.109976548493,-0.109976548493
2011-08-18 20:00:01,0.278668738629,0.0850717055027,0.05,0,-0.21995848134,-0.10997924067,-0.10997924067
2011-08-18 22:00:01,0.267286115268,0.0850717055027,0.0,0,-0.219963247635,-0.109981623818,-0.109981623818
2011-08-19 00:00:01,0.203410801178,0.0850717055027,0.0,0,-0.219967466805,-0.109983733403,-0.109983733403
2011-08-19 02:00:01,0.166775150428,0.0850717055027,0.0,0,-0.219971201647,-0.109985600823,-0.109985600823
2011-08-19 04:00:01,0.193797788902,0.0861619411584,0.0,0,-0.219974507749,-0.109987253875,-0.109987253875
2011-08-19 06:00:01,0.241784594303,0.0917448139779,0.0,0,-0.219977434325,-0.109988717163,-0.109988717163
2011-08-19 08:00:01,0.578231585846,0.0883686961888,0.075,0,-0.219980024938,-0.109990012469,-0.109990012469
2011-08-19 10:00:01,0.59239963224,0.0818533398261,0.15,0,-0.219982318152,-0.109991159076,-0.109991159076
2011-08-19 12:00:01,0.654688066566,0.0787130806635,0.075,0,-0.219984348105,-0.109992174053,-0.109992174053
2011-08-19 14:00:01,0.568877159379,0.0776835925715,0.025,0,-0.219986145018,-0.109993072509,-0.109993072509
2011-08-19 16:00:01,0.43334728228,0.0787130806635,0.025,0,-0.219987735643,-0.109993867821,-0.109993867821
2011-08-19 18:00:01,0.287733789679,0.0766627033814,0.05,0,-0.21998914366,-0.10999457183,-0.10999457183
2011-08-19 20:00:01,0.267481161941,0.0766627033814,0.0,0,-0.219990390032,-0.109995195016,-0.109995195016
2011-08-19 22:00:01,0.279273210119,0.0766627033814,0.0,0,-0.219991493317,-0.109995746658,-0.109995746658
2011-08-20 00:00:01,0.217553267932,0.0766627033814,0.0,0,-0.219992469939,-0.10999623497,-0.10999623497
2011-08-20 02:00:01,0.181206110186,0.0766627033814,0.0,0,-0.219993334441,-0.10999666722,-0.10999666722
2011-08-20 04:00:01,0.175709562939,0.079751187912,0.0,0,-0.219994099693,-0.109997049846,-0.109997049846
2011-08-20 06:00:01,0.221588241906,0.0738251656981,0.0,0,-0.21999477709,-0.109997388545,-0.109997388545
2011-08-20 08:00:01,0.538118423632,0.0738251656981,0.075,0,-0.219995376718,-0.109997688359,-0.109997688359
2011-08-20 10:00:01,0.556407936321,0.0718119124161,0.075,0,-0.219995907505,-0.109997953752,-0.109997953752
2011-08-20 12:00:01,0.73048260471,0.0728140903047,0.0,0,-0.219996377354,-0.109998188677,-0.109998188677
2011-08-20 14:00:01,0.637795142698,0.0738251656981,0.025,0,-0.219996793261,-0.109998396631,-0.109998396631
2011-08-20 16:00:01,0.449458814896,0.0738251656981,0.0,0,-0.21999716142,-0.10999858071,-0.10999858071
2011-08-20 18:00:01,0.27838088113,0.0728140903047,0.025,0,-0.219997487311,-0.109998743655,-0.109998743655
2011-08-20 20:00:01,0.235254469267,0.0718119124161,0.025,0,-0.219997775787,-0.109998887894,-0.109998887894
2011-08-20 22:00:01,0.232456508137,0.0708186089379,0.025,0,-0.219998031145,-0.109999015572,-0.109999015572
2011-08-21 00:00:01,0.195062405022,0.0698341565243,0.025,0,-0.219998257185,-0.109999128592,-0.109999128592
2011-08-21 02:00:01,0.154082530934,0.0698341565243,0.0,0,-0.219998457274,-0.109999228637,-0.109999228637
2011-08-21 04:00:01,0.161069173093,0.0728140903047,0.0,0,-0.219998634392,-0.109999317196,-0.109999317196
2011-08-21 06:00:01,0.201105728499,0.075874100136,0.0,0,-0.219998791175,-0.109999395587,-0.109999395587
2011-08-21 08:00:01,0.587823439878,0.0728140903047,0.075,0,-0.219998929958,-0.109999464979,-0.109999464979
2011-08-21 10:00:01,0.523634418667,0.0738251656981,0.0,0,-0.219999052807,-0.109999526404,-0.109999526404
2011-08-21 12:00:01,0.512415566677,0.0738251656981,0.0,0,-0.219999161553,-0.109999580776,-0.109999580776
2011-08-21 14:00:01,0.493195327382,0.0748451614421,0.0,0,-0.219999257813,-0.109999628907,-0.109999628907
2011-08-21 16:00:01,0.32574985779,0.075874100136,0.0,0,-0.219999343023,-0.109999671511,-0.109999671511
2011-08-21 18:00:01,0.221285300868,0.0748451614421,0.05,0,-0.219999418449,-0.109999709225,-0.109999709225
2011-08-21 20:00:01,0.201633388977,0.075874100136,0.0,0,-0.219999485216,-0.109999742608,-0.109999742608
2011-08-21 22:00:01,0.177261959255,0.0728140903047,0.075,0,-0.219999544317,-0.109999772159,-0.109999772159
2011-08-22 00:00:01,0.151385433559,0.0728140903047,0.0,0,-0.219999596634,-0.109999798317,-0.109999798317
2011-08-22 02:00:01,0.110605455837,0.0728140903047,0.0,0,-0.219999642943,-0.109999821472,-0.109999821472
2011-08-22 04:00:01,0.123628854559,0.0748451614421,0.025,0,-0.219999683937,-0.109999841968,-0.109999841968
2011-08-22 06:00:01,0.157171522962,0.0748451614421,0.0,0,-0.219999720223,-0.109999860112,-0.109999860112
2011-08-22 08:00:01,0.667178411573,0.0718119124161,0.075,0,-0.219999752344,-0.109999876172,-0.109999876172
2011-08-22 10:00:01,0.531195462478,0.0708186089379,0.025,0,-0.219999780777,-0.109999890388,-0.109999890388
2011-08-22 12:00:01,0.515761625039,0.0708186089379,0.0,0,-0.219999805946,-0.109999902973,-0.109999902973
2011-08-22 14:00:01,0.519979853441,0.0728140903047,0.0,0,-0.219999828225,-0.109999914112,-0.109999914112
2011-08-22 16:00:01,0.373577168902,0.0728140903047,0.0,0,-0.219999847946,-0.109999923973,-0.109999923973
2011-08-22 18:00:01,0.307674114188,0.075874100136,0.0,0,-0.219999865403,-0.109999932702,-0.109999932702
2011-08-22 20:00:01,0.335536583127,0.0748451614421,0.025,0,-0.22,-0.11,-0.11
2011-08-22 22:00:01,0.273107112762,0.0728140903047,0.05,0,-0.22,-0.11,-0.11
2011-08-23 00:00:01,0.123046532451,0.068858531576,0.125,0,-0.22,-0.11,-0.11
2011-08-23 02:00:01,0.0853665712587,0.068858531576,0.0,0,-0.22,-0.11,-0.11
2011-08-23 04:00:01,0.121679410333,0.0718119124161,0.0,0,-0.22,-0.11,-0.11
2011-08-23 06:00:01,0.238440523194,0.0728140903047,0.0,0,-0.22,-0.11,-0.11
2011-08-23 08:00:01,0.82047238811,0.0698341565243,0.075,0,-0.22,-0.11,-0.11
2011-08-23 10:00:01,0.692144654921,0.0631888045771,0.175,0,-0.22,-0.11,-0.11
2011-08-23 12:00:01,0.572794590446,0.0622742893258,0.025,0,-0.22,-0.11,-0.11
2011-08-23 14:00:01,0.665397594531,0.0622742893258,0.0,0,-0.22,-0.11,-0.11
2011-08-23 16:00:01,0.272270417989,0.0631888045771,0.0,0,-0.22,-0.11,-0.11
2011-08-23 18:00:01,0.290489487183,0.0650438254504,0.0,0,-0.22,-0.11,-0.11
2011-08-23 20:00:01,0.233345064394,0.0698341565243,0.0,0,-0.22,-0.11,-0.11
2011-08-23 22:00:01,0.258378562796,0.0698341565243,0.0,0,-0.22,-0.11,-0.11
2011-08-24 00:00:01,0.245062179956,0.0698341565243,0.0,0,-0.22,-0.11,-0.11
2011-08-24 02:00:01,0.136768867789,0.0698341565243,0.0,0,-0.22,-0.11,-0.11
2011-08-24 04:00:01,0.118956597201,0.0728140903047,0.0,0,-0.22,-0.11,-0.11
2011-08-24 06:00:01,0.199960472355,0.0800797279005,0.0,0,-0.22,-0.11,-0.11
2011-08-24 08:00:01,0.533729073915,0.0800797279005,0.025,0,-0.22,-0.11,-0.11
2011-08-24 10:00:01,0.412975208722,0.0748451614421,0.125,0,-0.22,-0.11,-0.11
2011-08-24 12:00:01,0.408489668886,0.0738251656981,0.025,0,-0.22,-0.11,-0.11
2011-08-24 13:00:01,0.486782694693,0.0738251656981,0.0,0,-0.22,-0.11,-0.11
2011-08-24 15:00:01,0.395182983036,0.0738251656981,0.0,0,-0.22,-0.11,-0.11
2011-08-24 17:00:01,0.359353179254,0.0728140903047,0.025,0,-0.22,-0.11,-0.11
2011-08-24 19:00:01,0.344992829914,0.068858531576,0.1,0,-0.22,-0.11,-0.11
2011-08-24 21:00:01,0.407613767872,0.0659843816805,0.075,0,-0.22,-0.11,-0.11
2011-08-24 23:00:01,0.216109054976,0.0595824149513,0.175,0,-0.22,-0.11,-0.11
2011-08-25 01:00:01,0.169038558828,0.0595824149513,0.0,0,-0.22,-0.11,-0.11
2011-08-25 03:00:01,0.105627064622,0.0604711206367,0.0,0,-0.22,-0.11,-0.11
2011-08-25 05:00:01,0.461301616821,0.0631888045771,0.05,0,-0.22,-0.11,-0.11
2011-08-25 07:00:01,0.468516100264,0.0622742893258,0.05,0,-0.22,-0.11,-0.11
2011-08-25 09:00:01,0.63461901101,0.0595824149513,0.075,0,-0.22,-0.11,-0.11
2011-08-25 11:00:01,0.493856166154,0.0595824149513,0.0,0,-0.22,-0.11,-0.11
2011-08-25 13:00:01,0.598881695115,0.0604711206367,0.0,0,-0.22,-0.11,-0.11
2011-08-25 15:00:01,0.487960478101,0.0622742893258,0.05,0,-0.22,-0.11,-0.11
2011-08-25 17:00:01,0.398078876882,0.0650438254504,0.0,0,-0.22,-0.11,-0.11
2011-08-25 19:00:01,0.241039451792,0.0708186089379,0.025,0,-0.22,-0.11,-0.11
2011-08-25 21:00:01,0.245432579188,0.0698341565243,0.025,0,-0.22,-0.11,-0.11
2011-08-25 23:00:01,0.206420721247,0.0678917102382,0.05,0,-0.22,-0.11,-0.11
2011-08-26 01:00:01,0.159241958671,0.0698341565243,0.0,0,-0.22,-0.11,-0.11
2011-08-26 03:00:01,0.118453611679,0.0718119124161,0.0,0,-0.22,-0.11,-0.11
2011-08-26 05:00:01,0.22545800559,0.0748451614421,0.0,0,-0.22,-0.11,-0.11
2011-08-26 07:00:01,0.56754661185,0.0748451614421,0.0,0,-0.22,-0.11,-0.11
2011-08-26 09:00:01,0.641437375228,0.0708186089379,0.1,0,-0.22,-0.11,-0.11
2011-08-26 11:00:01,0.493383546972,0.0718119124161,0.025,0,-0.22,-0.11,-0.11
2011-08-26 13:00:01,0.622099310054,0.0718119124161,0.0,0,-0.22,-0.11,-0.11
2011-08-26 15:00:01,0.507217005562,0.0728140903047,0.0,0,-0.22,-0.11,-0.11
2011-08-26 17:00:01,0.424249760079,0.0728140903047,0.025,0,-0.22,-0.11,-0.11
2011-08-26 19:00:01,0.34001279045,0.0738251656981,0.025,0,-0.22,-0.11,-0.11
2011-08-26 21:00:01,0.28062583972,0.0738251656981,0.0,0,-0.22,-0.11,-0.11
2011-08-26 23:00:01,0.291602799682,0.0718119124161,0.05,0,-0.22,-0.11,-0.11
2011-08-27 01:00:01,0.220260936301,0.0718119124161,0.0,0,-0.22,-0.11,-0.11
2011-08-27 03:00:01,0.176219012927,0.0718119124161,0.0,0,-0.22,-0.11,-0.11
2011-08-27 05:00:01,0.275286303963,0.075874100136,0.0,0,-0.22,-0.11,-0.11
2011-08-27 07:00:01,0.400318162503,0.0769120041349,0.0,0,-0.22,-0.11,-0.11
2011-08-27 09:00:01,0.633239680138,0.075874100136,0.025,0,-0.22,-0.11,-0.11
2011-08-27 11:00:01,0.734008493956,0.0728140903047,0.075,0,-0.22,-0.11,-0.11
2011-08-27 13:00:01,0.633516598232,0.0738251656981,0.0,0,-0.22,-0.11,-0.11
2011-08-27 15:00:01,0.463420456765,0.0738251656981,0.025,0,-0.22,-0.11,-0.11
2011-08-27 17:00:01,0.328932749121,0.0738251656981,0.0,0,-0.22,-0.11,-0.11
2011-08-27 19:00:01,0.314598024411,0.0748451614421,0.025,0,-0.22,-0.11,-0.11
2011-08-27 21:00:01,0.294076404898,0.0728140903047,0.05,0,-0.22,-0.11,-0.11
2011-08-27 23:00:01,0.235950187027,0.0718119124161,0.025,0,-0.22,-0.11,-0.11
2011-08-28 01:00:01,0.168988587332,0.0718119124161,0.0,0,-0.22,-0.11,-0.11
2011-08-28 03:00:01,0.126585685019,0.0718119124161,0.0,0,-0.22,-0.11,-0.11
2011-08-28 05:00:01,0.2020204139,0.0728140903047,0.0,0,-0.22,-0.11,-0.11
2011-08-28 07:00:01,0.29123345193,0.075874100136,0.0,0,-0.22,-0.11,-0.11
2011-08-28 09:00:01,0.527062539326,0.0728140903047,0.075,0,-0.22,-0.11,-0.11
2011-08-28 11:00:01,0.55179662353,0.0728140903047,0.025,0,-0.22,-0.11,-0.11
2011-08-28 13:00:01,0.559588399094,0.0653947969681,0.0,0,-0.22,-0.11,-0.11
2011-08-28 15:00:01,0.423079453978,0.0663714834945,0.0,0,-0.22,-0.11,-0.11
2011-08-28 17:00:01,0.316098691924,0.0683529544792,0.0,0,-0.22,-0.11,-0.11
2011-08-28 19:00:01,0.239828768926,0.0673575269437,0.05,0,-0.22,-0.11,-0.11
2011-08-28 21:00:01,0.208397747608,0.0653947969681,0.05,0,-0.22,-0.11,-0.11
2011-08-28 23:00:01,0.182707732595,0.0653947969681,0.0,0,-0.22,-0.11,-0.11
2011-08-29 01:00:01,0.122675363449,0.0653947969681,0.0,0,-0.22,-0.11,-0.11
2011-08-29 03:00:01,0.0892852563938,0.0653947969681,0.0,0,-0.22,-0.11,-0.11
2011-08-29 05:00:01,0.176364561503,0.0683529544792,0.0,0,-0.22,-0.11,-0.11
2011-08-29 07:00:01,0.33298712252,0.0693577929642,0.0,0,-0.22,-0.11,-0.11
2011-08-29 09:00:01,0.64617045722,0.0653947969681,0.1,0,-0.22,-0.11,-0.11
2011-08-29 11:00:01,0.489383195143,0.0634693845137,0.05,0,-0.22,-0.11,-0.11
2011-08-29 13:00:01,0.54963816923,0.0634693845137,0.0,0,-0.22,-0.11,-0.11
2011-08-29 15:00:01,0.435051944804,0.0653947969681,0.0,0,-0.22,-0.11,-0.11
2011-08-29 17:00:01,0.330456971831,0.0673575269437,0.0,0,-0.22,-0.11,-0.11
2011-08-29 19:00:01,0.350951347332,0.0663714834945,0.025,0,-0.22,-0.11,-0.11
2011-08-29 21:00:01,0.241087185555,0.0663714834945,0.0,0,-0.22,-0.11,-0.11
2011-08-29 23:00:01,0.281068471368,0.0663714834945,0.0,0,-0.22,-0.11,-0.11
2011-08-30 01:00:01,0.152663766787,0.0663714834945,0.0,0,-0.22,-0.11,-0.11
2011-08-30 03:00:01,0.109843853676,0.0663714834945,0.0,0,-0.22,-0.11,-0.11
2011-08-30 05:00:01,0.311446035534,0.0703720689649,0.0,0,-0.22,-0.11,-0.11
2011-08-30 07:00:01,0.44263013013,0.0724290383079,0.0,0,-0.22,-0.11,-0.11
2011-08-30 09:00:01,0.791351906205,0.0663714834945,0.15,0,-0.22,-0.11,-0.11
2011-08-30 11:00:01,0.448443602516,0.0634693845137,0.075,0,-0.22,-0.11,-0.11
2011-08-30 13:00:01,0.439349301909,0.0634693845137,0.0,0,-0.22,-0.11,-0.11
2011-08-30 15:00:01,0.447574697018,0.0644274398984,0.0,0,-0.22,-0.11,-0.11
2011-08-30 17:00:01,0.362289894575,0.0634693845137,0.025,0,-0.22,-0.11,-0.11
2011-08-30 19:00:01,0.356699998273,0.0634693845137,0.0,0,-0.22,-0.11,-0.11
2011-08-30 21:00:01,0.300823483278,0.0634693845137,0.0,0,-0.22,-0.11,-0.11
2011-08-30 23:00:01,0.263742533346,0.0634693845137,0.0,0,-0.22,-0.11,-0.11
2011-08-31 01:00:01,0.187582254993,0.0634693845137,0.0,0,-0.22,-0.11,-0.11
2011-08-31 03:00:01,0.144376676817,0.0634693845137,0.0,0,-0.22,-0.11,-0.11
2011-08-31 05:00:01,0.456911647336,0.0693577929642,0.0,0,-0.22,-0.11,-0.11
2011-08-31 07:00:01,0.39677837734,0.0724290383079,0.0,0,-0.22,-0.11,-0.11
2011-08-31 09:00:01,0.533931484502,0.0724290383079,0.0,0,-0.22,-0.11,-0.11
2011-08-31 11:00:01,0.450036545891,0.0713958087528,0.025,0,-0.22,-0.11,-0.11
2011-08-31 13:00:01,0.43598099531,0.0724290383079,0.0,0,-0.22,-0.11,-0.11
2011-08-31 15:00:01,0.394738224019,0.0724290383079,0.0,0,-0.22,-0.11,-0.11
2011-08-31 17:00:01,0.361342866699,0.0724290383079,0.0,0,-0.22,-0.11,-0.11
2011-08-31 19:00:01,0.493310546466,0.0693577929642,0.075,0,-0.22,-0.11,-0.11
2011-08-31 21:00:01,0.494053140395,0.0683529544792,0.025,0,-0.22,-0.11,-0.11
2011-08-31 23:00:01,0.344078797404,0.0644274398984,0.1,0,-0.22,-0.11,-0.11
2011-09-01 01:00:01,0.197612674167,0.0644274398984,0.0,0,-0.22,-0.11,-0.11
2011-09-01 03:00:01,0.129452284039,0.0644274398984,0.0,0,-0.22,-0.11,-0.11
2011-09-01 05:00:01,0.414916925324,0.0634693845137,0.025,0,-0.22,-0.11,-0.11
2011-09-01 07:00:01,0.510638297872,0.062520602734,0.05,0,-0.22,-0.11,-0.11
2011-09-01 09:00:01,0.683456790123,0.0552607247993,0.2,0,-0.22,-0.11,-0.11
2011-09-01 11:00:01,0.572532679915,0.0543940896588,0.025,0,-0.22,-0.11,-0.11
2011-09-01 13:00:01,0.528570163362,0.0543940896588,0.0,0,-0.22,-0.11,-0.11
2011-09-01 15:00:01,0.490840855649,0.0570210457554,0.0,0,-0.22,-0.11,-0.11
2011-09-01 17:00:01,0.344159041135,0.0579147931902,0.0,0,-0.22,-0.11,-0.11
2011-09-02 15:00:01,0.29474600602,0.0588176391244,0.075,0,-0.22,-0.11,-0.11
2011-09-02 17:00:01,0.41176305761,0.0424532412805,0.5,0,-0.22,-0.11,-0.11
2011-09-02 19:00:01,0.361436552275,0.0417262178084,0.025,0,-0.22,-0.11,-0.11
2011-09-02 21:00:01,0.276432333565,0.0424532412805,0.0,0,-0.22,-0.11,-0.11
2011-09-02 23:00:01,0.301794690505,0.0431887285311,0.025,0,-0.22,-0.11,-0.11
2011-09-03 01:00:01,0.277953194651,0.0485771546234,0.025,0,-0.22,-0.11,-0.11
2011-09-03 03:00:01,0.169511707947,0.0493816395627,0.0,0,-0.22,-0.11,-0.11
2011-09-03 05:00:01,0.385299625468,0.0493816395627,0.0,0,-0.22,-0.11,-0.11
2011-09-03 07:00:01,0.376194161285,0.0493816395627,0.0,0,-0.22,-0.11,-0.11
2011-09-03 09:00:01,0.729936189191,0.0469943901572,0.075,0,-0.22,-0.11,-0.11
2011-09-03 11:00:01,0.61254001409,0.0477814161809,0.05,0,-0.22,-0.11,-0.11
2011-09-03 13:00:01,0.588598734069,0.0644274398984,0.025,0,-0.22,-0.11,-0.11
2011-09-03 15:00:01,0.472354497354,0.0653947969681,0.0,0,-0.22,-0.11,-0.11
2011-09-03 17:00:01,0.350129181052,0.0653947969681,0.0,0,-0.22,-0.11,-0.11
2011-09-03 19:00:01,0.28777674021,0.0663714834945,0.0,0,-0.22,-0.11,-0.11
2011-09-03 21:00:01,0.278050562952,0.0673575269437,0.0,0,-0.22,-0.11,-0.11
2011-09-03 23:00:01,0.262018924352,0.0673575269437,0.0,0,-0.22,-0.11,-0.11
2011-09-04 01:00:01,0.246324607821,0.0673575269437,0.0,0,-0.22,-0.11,-0.11
2011-09-04 03:00:01,0.17836460505,0.0673575269437,0.0,0,-0.22,-0.11,-0.11
2011-09-04 05:00:01,0.344276292442,0.0703720689649,0.0,0,-0.22,-0.11,-0.11
2011-09-04 07:00:01,0.430391276139,0.0724290383079,0.0,0,-0.22,-0.11,-0.11
2011-09-04 09:00:01,0.641821064842,0.0734717833212,0.0,0,-0.22,-0.11,-0.11
2011-09-04 11:00:01,0.670888581041,0.0693577929642,0.1,0,-0.22,-0.11,-0.11
2011-09-04 13:00:01,0.612822169574,0.0693577929642,0.0,0,-0.22,-0.11,-0.11
2011-09-04 15:00:01,0.485615808491,0.0693577929642,0.0,0,-0.22,-0.11,-0.11
2011-09-04 17:00:01,0.375212989741,0.0693577929642,0.0,0,-0.22,-0.11,-0.11
2011-09-04 19:00:01,0.27382792936,0.0693577929642,0.0,0,-0.22,-0.11,-0.11
2011-09-04 21:00:01,0.228353890665,0.0693577929642,0.0,0,-0.22,-0.11,-0.11
2011-09-04 23:00:01,0.215548571638,0.0693577929642,0.0,0,-0.22,-0.11,-0.11
2011-09-05 01:00:01,0.209993129869,0.0693577929642,0.0,0,-0.22,-0.11,-0.11
2011-09-05 03:00:01,0.119231002264,0.0693577929642,0.0,0,-0.22,-0.11,-0.11
2011-09-05 05:00:01,0.230474174382,0.0693577929642,0.0,0,-0.22,-0.11,-0.11
2011-09-05 07:00:01,0.284188650927,0.0734717833212,0.0,0,-0.22,-0.11,-0.11
2011-09-05 09:00:01,0.728971054847,0.0693577929642,0.1,0,-0.22,-0.11,-0.11
2011-09-05 11:00:01,0.67969179967,0.0673575269437,0.05,0,-0.22,-0.11,-0.11
2011-09-05 13:00:01,0.558141252955,0.0673575269437,0.0,0,-0.22,-0.11,-0.11
2011-09-05 15:00:01,0.387006146845,0.0673575269437,0.0,0,-0.22,-0.11,-0.11
2011-09-05 17:00:01,0.262992239088,0.0673575269437,0.0,0,-0.22,-0.11,-0.11
2011-09-05 19:00:01,0.240317359828,0.0663714834945,0.025,0,-0.22,-0.11,-0.11
2011-09-05 21:00:01,0.20473812416,0.0663714834945,0.0,0,-0.22,-0.11,-0.11
2011-09-05 23:00:01,0.172111187824,0.0663714834945,0.0,0,-0.22,-0.11,-0.11
2011-09-06 01:00:01,0.166772823961,0.0663714834945,0.0,0,-0.22,-0.11,-0.11
2011-09-06 03:00:01,0.0892502429895,0.0663714834945,0.0,0,-0.22,-0.11,-0.11
2011-09-06 05:00:01,0.188989727735,0.0703720689649,0.0,0,-0.22,-0.11,-0.11
2011-09-06 07:00:01,0.445466462263,0.0724290383079,0.0,0,-0.22,-0.11,-0.11
2011-09-06 09:00:01,0.497141778106,0.0724290383079,0.0,0,-0.22,-0.11,-0.11
2011-09-06 11:00:01,0.400448117791,0.0703720689649,0.05,0,-0.22,-0.11,-0.11
2011-09-06 13:00:01,0.451650113231,0.0693577929642,0.025,0,-0.22,-0.11,-0.11
2011-09-06 15:00:01,0.425809421513,0.0703720689649,0.0,0,-0.22,-0.11,-0.11
2011-09-06 17:00:01,0.325499873346,0.0645067126233,0.025,0,-0.22,-0.11,-0.11
2011-09-06 19:00:01,0.557667699041,0.0596255528252,0.125,0,-0.22,-0.11,-0.11
2011-09-06 21:00:01,0.464463472743,0.0549915306899,0.125,0,-0.22,-0.11,-0.11
2011-09-06 23:00:01,0.277730265483,0.0549915306899,0.0,0,-0.22,-0.11,-0.11
2011-09-07 01:00:01,0.2231056289,0.0540940118607,0.025,0,-0.22,-0.11,-0.11
2011-09-07 03:00:01,0.133753737139,0.0540940118607,0.0,0,-0.22,-0.11,-0.11
2011-09-07 05:00:01,0.240614655527,0.0540940118607,0.0,0,-0.22,-0.11,-0.11
2011-09-07 07:00:01,0.391228851975,0.0558987652788,0.0,0,-0.22,-0.11,-0.11
2011-09-07 09:00:01,0.572038880615,0.0568157504974,0.0,0,-0.22,-0.11,-0.11
2011-09-07 11:00:01,0.343989530753,0.0549915306899,0.05,0,-0.22,-0.11,-0.11
2011-09-07 13:00:01,0.441900001126,0.0558987652788,0.0,0,-0.22,-0.11,-0.11
2011-09-07 15:00:01,0.378583558086,0.0605818815431,0.0,0,-0.22,-0.11,-0.11
